hotel_id,hotel_name,source,channel_type,price,base_price,extra_fees,currency,price_per_night,price_tier,check_in,check_out,nights,review_count,rating,rating_band,has_free_breakfast,has_free_cancellation,amenities,latitude,longitude,has_geo
10319364,Al Diafah Hotel Suites,Booking.com,OTA,675.0,675.0,0.0,SAR,337.5,Mid-range,2024-12-23,2024-12-25,2,2,3.5,3.0-3.5,False,False,,,,False
10319364,Al Diafah Hotel Suites,Booking.com,OTA,532.5,532.5,0.0,SAR,133.12,Budget,2025-01-20,2025-01-24,4,2,3.5,3.0-3.5,False,False,,,,False
3250538,Al Mashreq Boutique Hotel,Booking.com,OTA,750.0,750.0,0.0,SAR,750.0,Mid-range,2025-01-02,2025-01-03,1,170,4.5,4.0-4.5,True,True,Free breakfast available | Free cancellation,24.70452,46.655216,True
3250538,Al Mashreq Boutique Hotel,Booking.com,OTA,783.75,783.75,0.0,SAR,156.75,Mid-range,2025-01-29,2025-02-03,5,170,4.5,4.0-4.5,True,True,Free breakfast available | Free cancellation,24.70452,46.655216,True
3250538,Al Mashreq Boutique Hotel,Booking.com,OTA,603.75,603.75,0.0,SAR,301.88,Mid-range,2024-12-23,2024-12-25,2,170,4.5,4.0-4.5,True,True,Free breakfast available | Free cancellation,24.70452,46.655216,True
3250538,Al Mashreq Boutique Hotel,Booking.com,OTA,783.75,783.75,0.0,SAR,261.25,Mid-range,2025-01-25,2025-01-28,3,170,4.5,4.0-4.5,True,True,Free breakfast available | Free cancellation,24.70452,46.655216,True
3250538,Al Mashreq Boutique Hotel,Booking.com,OTA,783.75,783.75,0.0,SAR,391.88,Mid-range,2025-01-05,2025-01-07,2,170,4.5,4.0-4.5,True,True,Free breakfast available | Free cancellation,24.70452,46.655216,True
3250538,Al Mashreq Boutique Hotel,Booking.com,OTA,783.75,783.75,0.0,SAR,195.94,Mid-range,2025-01-17,2025-01-21,4,170,4.5,4.0-4.5,True,True,Free breakfast available | Free cancellation,24.70452,46.655216,True
3250538,Al Mashreq Boutique Hotel,Booking.com,OTA,926.25,783.75,142.5,SAR,308.75,Upscale,2025-01-10,2025-01-13,3,170,4.5,4.0-4.5,True,True,Free breakfast available | Free cancellation,24.70452,46.655216,True
3250538,Al Mashreq Boutique Hotel,Booking.com,OTA,783.75,783.75,0.0,SAR,391.88,Mid-range,2025-01-25,2025-01-27,2,170,4.5,4.0-4.5,True,True,Free breakfast available | Free cancellation,24.70452,46.655216,True
3250538,Al Mashreq Boutique Hotel,Booking.com,OTA,783.75,783.75,0.0,SAR,195.94,Mid-range,2025-01-06,2025-01-10,4,170,4.5,4.0-4.5,True,True,Free breakfast available | Free cancellation,24.70452,46.655216,True
3250538,Al Mashreq Boutique Hotel,Booking.com,OTA,2171.25,791.25,1380.0,SAR,1085.62,Luxury,2025-02-10,2025-02-12,2,170,4.5,4.0-4.5,True,True,Free breakfast available | Free cancellation,24.70452,46.655216,True
3250538,Al Mashreq Boutique Hotel,Booking.com,OTA,783.75,783.75,0.0,SAR,391.88,Mid-range,2025-02-16,2025-02-18,2,170,4.5,4.0-4.5,True,True,Free breakfast available | Free cancellation,24.70452,46.655216,True
3250538,Al Mashreq Boutique Hotel,Booking.com,OTA,1166.25,783.75,382.5,SAR,388.75,Upscale,2025-01-15,2025-01-18,3,170,4.5,4.0-4.5,True,True,Free breakfast available | Free cancellation,24.70452,46.655216,True
3250538,Al Mashreq Boutique Hotel,Booking.com,OTA,783.75,783.75,0.0,SAR,391.88,Mid-range,2025-02-02,2025-02-04,2,170,4.5,4.0-4.5,True,True,Free breakfast available | Free cancellation,24.70452,46.655216,True
3250538,Al Mashreq Boutique Hotel,Booking.com,OTA,783.75,783.75,0.0,SAR,783.75,Mid-range,2025-02-05,2025-02-06,1,170,4.5,4.0-4.5,True,True,Free breakfast available | Free cancellation,24.70452,46.655216,True
3250538,Al Mashreq Boutique Hotel,Booking.com,OTA,783.75,783.75,0.0,SAR,156.75,Mid-range,2025-01-25,2025-01-30,5,170,4.5,4.0-4.5,True,True,Free breakfast available | Free cancellation,24.70452,46.655216,True
3250538,Al Mashreq Boutique Hotel,Booking.com,OTA,783.75,783.75,0.0,SAR,156.75,Mid-range,2025-01-18,2025-01-23,5,170,4.5,4.0-4.5,True,True,Free breakfast available | Free cancellation,24.70452,46.655216,True
3250538,Al Mashreq Boutique Hotel,Booking.com,OTA,603.75,603.75,0.0,SAR,150.94,Mid-range,2024-12-28,2025-01-01,4,170,4.5,4.0-4.5,True,True,Free breakfast available | Free cancellation,24.70452,46.655216,True
3250538,Al Mashreq Boutique Hotel,Booking.com,OTA,2171.25,1050.0,1121.25,SAR,434.25,Luxury,2025-02-09,2025-02-14,5,170,4.5,4.0-4.5,True,True,Free breakfast available | Free cancellation,24.70452,46.655216,True
3250538,Al Mashreq Boutique Hotel,Booking.com,OTA,630.0,581.25,48.75,SAR,630.0,Mid-range,2024-12-20,2024-12-21,1,170,4.5,4.0-4.5,False,False,,24.70452,46.655216,True
3250538,Al Mashreq Boutique Hotel,Booking.com,OTA,750.0,750.0,0.0,SAR,750.0,Mid-range,2025-01-04,2025-01-05,1,170,4.5,4.0-4.5,True,True,Free breakfast available | Free cancellation,24.70452,46.655216,True
3250538,Al Mashreq Boutique Hotel,Booking.com,OTA,2013.75,1035.0,978.75,SAR,402.75,Luxury,2025-02-11,2025-02-16,5,170,4.5,4.0-4.5,True,True,Free breakfast available | Free cancellation,24.70452,46.655216,True
3250538,Al Mashreq Boutique Hotel,Booking.com,OTA,603.75,603.75,0.0,SAR,150.94,Mid-range,2024-12-22,2024-12-26,4,170,4.5,4.0-4.5,True,True,Free breakfast available | Free cancellation,24.70452,46.655216,True
3250538,Al Mashreq Boutique Hotel,Booking.com,OTA,2171.25,2171.25,0.0,SAR,2171.25,Luxury,2025-02-09,2025-02-10,1,170,4.5,4.0-4.5,True,True,Free breakfast available | Free cancellation,24.70452,46.655216,True
3250538,Al Mashreq Boutique Hotel,Booking.com,OTA,750.0,750.0,0.0,SAR,375.0,Mid-range,2025-01-03,2025-01-05,2,170,4.5,4.0-4.5,True,True,Free breakfast available | Free cancellation,24.70452,46.655216,True
3250538,Al Mashreq Boutique Hotel,Booking.com,OTA,783.75,783.75,0.0,SAR,195.94,Mid-range,2025-01-20,2025-01-24,4,170,4.5,4.0-4.5,True,True,Free breakfast available | Free cancellation,24.70452,46.655216,True
3250538,Al Mashreq Boutique Hotel,Booking.com,OTA,783.75,783.75,0.0,SAR,195.94,Mid-range,2025-01-20,2025-01-24,4,170,4.5,4.0-4.5,True,True,Free breakfast available | Free cancellation,24.70452,46.655216,True
3250538,Al Mashreq Boutique Hotel,Booking.com,OTA,1627.5,1113.75,513.75,SAR,406.88,Luxury,2025-02-13,2025-02-17,4,170,4.5,4.0-4.5,True,True,Free breakfast available | Free cancellation,24.70452,46.655216,True
3250538,Al Mashreq Boutique Hotel,Booking.com,OTA,783.75,783.75,0.0,SAR,261.25,Mid-range,2025-01-21,2025-01-24,3,170,4.5,4.0-4.5,True,True,Free breakfast available | Free cancellation,24.70452,46.655216,True
3250538,Al Mashreq Boutique Hotel,Booking.com,OTA,1477.5,783.75,693.75,SAR,369.38,Upscale,2025-01-13,2025-01-17,4,170,4.5,4.0-4.5,True,True,Free breakfast available | Free cancellation,24.70452,46.655216,True
3250538,Al Mashreq Boutique Hotel,Booking.com,OTA,783.75,783.75,0.0,SAR,783.75,Mid-range,2025-02-17,2025-02-18,1,170,4.5,4.0-4.5,True,True,Free breakfast available | Free cancellation,24.70452,46.655216,True
3250538,Al Mashreq Boutique Hotel,Booking.com,OTA,783.75,783.75,0.0,SAR,195.94,Mid-range,2025-01-25,2025-01-29,4,170,4.5,4.0-4.5,True,True,Free breakfast available | Free cancellation,24.70452,46.655216,True
8470987,Al Oroba Hotel,Agoda.com,OTA,138.75,138.75,0.0,SAR,138.75,Budget,2025-01-02,2025-01-03,1,2,2.5,<3.0,False,False,,,,False
8470987,Al Oroba Hotel,Agoda.com,OTA,131.25,131.25,0.0,SAR,26.25,Budget,2025-01-29,2025-02-03,5,2,2.5,<3.0,False,False,,,,False
8470987,Al Oroba Hotel,Agoda.com,OTA,120.0,120.0,0.0,SAR,60.0,Budget,2024-12-23,2024-12-25,2,2,2.5,<3.0,False,False,,,,False
8470987,Al Oroba Hotel,Agoda.com,OTA,131.25,131.25,0.0,SAR,43.75,Budget,2025-01-25,2025-01-28,3,2,2.5,<3.0,False,False,,,,False
8470987,Al Oroba Hotel,Agoda.com,OTA,165.0,165.0,0.0,SAR,82.5,Budget,2025-01-05,2025-01-07,2,2,2.5,<3.0,False,False,,,,False
8470987,Al Oroba Hotel,Agoda.com,OTA,153.75,153.75,0.0,SAR,51.25,Budget,2025-01-10,2025-01-13,3,2,2.5,<3.0,False,False,,,,False
8470987,Al Oroba Hotel,Agoda.com,OTA,131.25,131.25,0.0,SAR,65.62,Budget,2025-01-25,2025-01-27,2,2,2.5,<3.0,False,False,,,,False
8470987,Al Oroba Hotel,Agoda.com,OTA,165.0,165.0,0.0,SAR,41.25,Budget,2025-01-06,2025-01-10,4,2,2.5,<3.0,False,False,,,,False
8470987,Al Oroba Hotel,Agoda.com,OTA,131.25,131.25,0.0,SAR,65.62,Budget,2025-02-10,2025-02-12,2,2,2.5,<3.0,False,False,,,,False
8470987,Al Oroba Hotel,Agoda.com,OTA,131.25,131.25,0.0,SAR,65.62,Budget,2025-02-16,2025-02-18,2,2,2.5,<3.0,False,False,,,,False
8470987,Al Oroba Hotel,Agoda.com,OTA,131.25,131.25,0.0,SAR,43.75,Budget,2025-01-15,2025-01-18,3,2,2.5,<3.0,False,False,,,,False
8470987,Al Oroba Hotel,Agoda.com,OTA,131.25,131.25,0.0,SAR,65.62,Budget,2025-02-02,2025-02-04,2,2,2.5,<3.0,False,False,,,,False
8470987,Al Oroba Hotel,Agoda.com,OTA,131.25,131.25,0.0,SAR,131.25,Budget,2025-02-05,2025-02-06,1,2,2.5,<3.0,False,False,,,,False
8470987,Al Oroba Hotel,Agoda.com,OTA,131.25,131.25,0.0,SAR,26.25,Budget,2025-01-25,2025-01-30,5,2,2.5,<3.0,False,False,,,,False
8470987,Al Oroba Hotel,Agoda.com,OTA,120.0,120.0,0.0,SAR,30.0,Budget,2024-12-28,2025-01-01,4,2,2.5,<3.0,False,False,,,,False
8470987,Al Oroba Hotel,Agoda.com,OTA,131.25,131.25,0.0,SAR,26.25,Budget,2025-02-09,2025-02-14,5,2,2.5,<3.0,False,False,,,,False
8470987,Al Oroba Hotel,Agoda.com,OTA,123.75,123.75,0.0,SAR,123.75,Budget,2024-12-20,2024-12-21,1,2,2.5,<3.0,False,False,,,,False
8470987,Al Oroba Hotel,Agoda.com,OTA,165.0,165.0,0.0,SAR,165.0,Budget,2025-01-04,2025-01-05,1,2,2.5,<3.0,False,False,,,,False
8470987,Al Oroba Hotel,Agoda.com,OTA,131.25,131.25,0.0,SAR,26.25,Budget,2025-02-11,2025-02-16,5,2,2.5,<3.0,False,False,,,,False
8470987,Al Oroba Hotel,Agoda.com,OTA,120.0,120.0,0.0,SAR,30.0,Budget,2024-12-22,2024-12-26,4,2,2.5,<3.0,False,False,,,,False
8470987,Al Oroba Hotel,Agoda.com,OTA,131.25,131.25,0.0,SAR,131.25,Budget,2025-02-09,2025-02-10,1,2,2.5,<3.0,False,False,,,,False
8470987,Al Oroba Hotel,Agoda.com,OTA,131.25,131.25,0.0,SAR,32.81,Budget,2025-01-20,2025-01-24,4,2,2.5,<3.0,False,False,,,,False
8470987,Al Oroba Hotel,Agoda.com,OTA,131.25,131.25,0.0,SAR,32.81,Budget,2025-02-13,2025-02-17,4,2,2.5,<3.0,False,False,,,,False
8470987,Al Oroba Hotel,Agoda.com,OTA,131.25,131.25,0.0,SAR,131.25,Budget,2025-02-17,2025-02-18,1,2,2.5,<3.0,False,False,,,,False
8470987,Al Oroba Hotel,Agoda.com,OTA,131.25,131.25,0.0,SAR,32.81,Budget,2025-01-25,2025-01-29,4,2,2.5,<3.0,False,False,,,,False
12363377,Braira Al Wezarat,Booking.com,OTA,498.75,498.75,0.0,SAR,498.75,Budget,2024-12-20,2024-12-21,1,6,3.5,3.0-3.5,False,False,,,,False
9720941,Burj Alhayah Hotel Suites Alfalah,Booking.com,OTA,390.0,390.0,0.0,SAR,130.0,Budget,2025-01-15,2025-01-18,3,5,4.0,3.5-4.0,False,False,,,,False
9720941,Burj Alhayah Hotel Suites Alfalah,Booking.com,OTA,300.0,300.0,0.0,SAR,300.0,Budget,2024-12-20,2024-12-21,1,5,4.0,3.5-4.0,False,False,,,,False
9720941,Burj Alhayah Hotel Suites Alfalah,Booking.com,OTA,318.75,318.75,0.0,SAR,79.69,Budget,2024-12-22,2024-12-26,4,5,4.0,3.5-4.0,False,False,,,,False
3349253,Carawan Al Fahad Hotel,Booking.com,OTA,532.5,495.0,37.5,SAR,532.5,Budget,2025-01-02,2025-01-03,1,54,4.0,3.5-4.0,True,True,Free breakfast available | Free cancellation,24.711273,46.671043,True
3349253,Carawan Al Fahad Hotel,Booking.com,OTA,423.75,393.75,30.0,SAR,211.88,Budget,2024-12-23,2024-12-25,2,54,4.0,3.5-4.0,True,True,Free breakfast available | Free cancellation,24.711273,46.671043,True
3349253,Carawan Al Fahad Hotel,Booking.com,OTA,532.5,446.25,86.25,SAR,177.5,Budget,2025-01-25,2025-01-28,3,54,4.0,3.5-4.0,True,True,Free breakfast available | Free cancellation,24.711273,46.671043,True
3349253,Carawan Al Fahad Hotel,Booking.com,OTA,532.5,457.5,75.0,SAR,266.25,Budget,2025-01-05,2025-01-07,2,54,4.0,3.5-4.0,True,True,Free breakfast available | Free cancellation,24.711273,46.671043,True
3349253,Carawan Al Fahad Hotel,Booking.com,OTA,532.5,465.0,67.5,SAR,133.12,Budget,2025-01-17,2025-01-21,4,54,4.0,3.5-4.0,True,True,Free breakfast available | Free cancellation,24.711273,46.671043,True
3349253,Carawan Al Fahad Hotel,Booking.com,OTA,532.5,446.25,86.25,SAR,177.5,Budget,2025-01-10,2025-01-13,3,54,4.0,3.5-4.0,True,True,Free breakfast available | Free cancellation,24.711273,46.671043,True
3349253,Carawan Al Fahad Hotel,Booking.com,OTA,532.5,457.5,75.0,SAR,266.25,Budget,2025-01-25,2025-01-27,2,54,4.0,3.5-4.0,True,True,Free breakfast available | Free cancellation,24.711273,46.671043,True
3349253,Carawan Al Fahad Hotel,Booking.com,OTA,532.5,446.25,86.25,SAR,133.12,Budget,2025-01-06,2025-01-10,4,54,4.0,3.5-4.0,True,True,Free breakfast available | Free cancellation,24.711273,46.671043,True
3349253,Carawan Al Fahad Hotel,Booking.com,OTA,532.5,446.25,86.25,SAR,177.5,Budget,2025-01-15,2025-01-18,3,54,4.0,3.5-4.0,True,True,Free breakfast available | Free cancellation,24.711273,46.671043,True
3349253,Carawan Al Fahad Hotel,Booking.com,OTA,532.5,450.0,82.5,SAR,106.5,Budget,2025-01-25,2025-01-30,5,54,4.0,3.5-4.0,True,True,Free breakfast available | Free cancellation,24.711273,46.671043,True
3349253,Carawan Al Fahad Hotel,Booking.com,OTA,532.5,468.75,63.75,SAR,106.5,Budget,2025-01-18,2025-01-23,5,54,4.0,3.5-4.0,True,True,Free breakfast available | Free cancellation,24.711273,46.671043,True
3349253,Carawan Al Fahad Hotel,Booking.com,OTA,480.0,397.5,82.5,SAR,120.0,Budget,2024-12-28,2025-01-01,4,54,4.0,3.5-4.0,True,True,Free breakfast available | Free cancellation,24.711273,46.671043,True
3349253,Carawan Al Fahad Hotel,Booking.com,OTA,405.0,356.25,48.75,SAR,405.0,Budget,2024-12-20,2024-12-21,1,54,4.0,3.5-4.0,True,True,"Free breakfast available | Free cancellation • Reserve now, pay at stay",24.711273,46.671043,True
3349253,Carawan Al Fahad Hotel,Booking.com,OTA,532.5,457.5,75.0,SAR,532.5,Budget,2025-01-04,2025-01-05,1,54,4.0,3.5-4.0,True,True,Free breakfast available | Free cancellation,24.711273,46.671043,True
3349253,Carawan Al Fahad Hotel,Booking.com,OTA,423.75,397.5,26.25,SAR,105.94,Budget,2024-12-22,2024-12-26,4,54,4.0,3.5-4.0,True,True,Free breakfast available | Free cancellation,24.711273,46.671043,True
3349253,Carawan Al Fahad Hotel,Booking.com,OTA,532.5,457.5,75.0,SAR,266.25,Budget,2025-01-03,2025-01-05,2,54,4.0,3.5-4.0,True,True,Free breakfast available | Free cancellation,24.711273,46.671043,True
3349253,Carawan Al Fahad Hotel,Booking.com,OTA,532.5,446.25,86.25,SAR,133.12,Budget,2025-01-20,2025-01-24,4,54,4.0,3.5-4.0,True,True,Free breakfast available | Free cancellation,24.711273,46.671043,True
3349253,Carawan Al Fahad Hotel,Booking.com,OTA,532.5,465.0,67.5,SAR,177.5,Budget,2025-01-21,2025-01-24,3,54,4.0,3.5-4.0,True,True,Free breakfast available | Free cancellation,24.711273,46.671043,True
3349253,Carawan Al Fahad Hotel,Booking.com,OTA,532.5,465.0,67.5,SAR,133.12,Budget,2025-01-13,2025-01-17,4,54,4.0,3.5-4.0,True,True,Free breakfast available | Free cancellation,24.711273,46.671043,True
3349253,Carawan Al Fahad Hotel,Booking.com,OTA,532.5,446.25,86.25,SAR,133.12,Budget,2025-01-25,2025-01-29,4,54,4.0,3.5-4.0,True,True,Free breakfast available | Free cancellation,24.711273,46.671043,True
3349253,Carawan Al Fahad Hotel,MakeMyTrip,OTA,517.5,450.0,67.5,SAR,103.5,Budget,2025-01-29,2025-02-03,5,54,4.0,3.5-4.0,True,True,Free breakfast available | Free cancellation,24.711273,46.671043,True
3349253,Carawan Al Fahad Hotel,MakeMyTrip,OTA,517.5,457.5,60.0,SAR,258.75,Budget,2025-02-10,2025-02-12,2,54,4.0,3.5-4.0,True,True,Free breakfast available | Free cancellation,24.711273,46.671043,True
3349253,Carawan Al Fahad Hotel,MakeMyTrip,OTA,517.5,457.5,60.0,SAR,258.75,Budget,2025-02-16,2025-02-18,2,54,4.0,3.5-4.0,True,True,Free breakfast available | Free cancellation,24.711273,46.671043,True
3349253,Carawan Al Fahad Hotel,MakeMyTrip,OTA,517.5,457.5,60.0,SAR,258.75,Budget,2025-02-02,2025-02-04,2,54,4.0,3.5-4.0,True,True,Free breakfast available | Free cancellation,24.711273,46.671043,True
3349253,Carawan Al Fahad Hotel,MakeMyTrip,OTA,517.5,450.0,67.5,SAR,103.5,Budget,2025-02-09,2025-02-14,5,54,4.0,3.5-4.0,True,True,Free breakfast available | Free cancellation,24.711273,46.671043,True
3349253,Carawan Al Fahad Hotel,MakeMyTrip,OTA,517.5,446.25,71.25,SAR,129.38,Budget,2025-02-13,2025-02-17,4,54,4.0,3.5-4.0,True,True,Free breakfast available | Free cancellation,24.711273,46.671043,True
15056872,Centro Olaya,Prestigia.com,OTA,1301.25,1301.25,0.0,SAR,650.62,Upscale,2025-02-10,2025-02-12,2,333,4.5,4.0-4.5,False,False,,24.692995,46.684284,True
810042,Continent Al Waha Hotel,Booking.com,OTA,776.25,750.0,26.25,SAR,155.25,Mid-range,2025-01-29,2025-02-03,5,407,4.5,4.0-4.5,True,True,Free breakfast available | Free cancellation,24.680944,46.689484,True
810042,Continent Al Waha Hotel,Booking.com,OTA,502.5,442.5,60.0,SAR,251.25,Budget,2024-12-23,2024-12-25,2,407,4.5,4.0-4.5,True,True,Free breakfast available | Free cancellation,24.680944,46.689484,True
810042,Continent Al Waha Hotel,Booking.com,OTA,776.25,708.75,67.5,SAR,258.75,Mid-range,2025-01-25,2025-01-28,3,407,4.5,4.0-4.5,True,True,Free breakfast available | Free cancellation,24.680944,46.689484,True
810042,Continent Al Waha Hotel,Booking.com,OTA,750.0,708.75,41.25,SAR,375.0,Mid-range,2025-01-05,2025-01-07,2,407,4.5,4.0-4.5,True,True,Free breakfast available | Free cancellation,24.680944,46.689484,True
810042,Continent Al Waha Hotel,Booking.com,OTA,731.25,693.75,37.5,SAR,182.81,Mid-range,2025-01-17,2025-01-21,4,407,4.5,4.0-4.5,True,True,Free breakfast available | Free cancellation,24.680944,46.689484,True
810042,Continent Al Waha Hotel,Booking.com,OTA,720.0,671.25,48.75,SAR,240.0,Mid-range,2025-01-10,2025-01-13,3,407,4.5,4.0-4.5,True,True,Free breakfast available | Free cancellation,24.680944,46.689484,True
810042,Continent Al Waha Hotel,Booking.com,OTA,750.0,693.75,56.25,SAR,375.0,Mid-range,2025-01-25,2025-01-27,2,407,4.5,4.0-4.5,True,True,Free breakfast available | Free cancellation,24.680944,46.689484,True
810042,Continent Al Waha Hotel,Booking.com,OTA,731.25,693.75,37.5,SAR,182.81,Mid-range,2025-01-06,2025-01-10,4,407,4.5,4.0-4.5,True,True,Free breakfast available | Free cancellation,24.680944,46.689484,True
810042,Continent Al Waha Hotel,Booking.com,OTA,776.25,776.25,0.0,SAR,388.12,Mid-range,2025-02-10,2025-02-12,2,407,4.5,4.0-4.5,True,True,Free breakfast available | Free cancellation,24.680944,46.689484,True
810042,Continent Al Waha Hotel,Booking.com,OTA,776.25,776.25,0.0,SAR,388.12,Mid-range,2025-02-16,2025-02-18,2,407,4.5,4.0-4.5,True,True,Free breakfast available | Free cancellation,24.680944,46.689484,True
810042,Continent Al Waha Hotel,Booking.com,OTA,701.25,660.0,41.25,SAR,233.75,Mid-range,2025-01-15,2025-01-18,3,407,4.5,4.0-4.5,True,True,Free breakfast available | Free cancellation,24.680944,46.689484,True
810042,Continent Al Waha Hotel,Booking.com,OTA,753.75,708.75,45.0,SAR,376.88,Mid-range,2025-02-02,2025-02-04,2,407,4.5,4.0-4.5,True,True,Free breakfast available | Free cancellation,24.680944,46.689484,True
810042,Continent Al Waha Hotel,Booking.com,OTA,843.75,780.0,63.75,SAR,843.75,Upscale,2025-02-05,2025-02-06,1,407,4.5,4.0-4.5,True,True,Free breakfast available | Free cancellation,24.680944,46.689484,True
810042,Continent Al Waha Hotel,Booking.com,OTA,776.25,690.0,86.25,SAR,155.25,Mid-range,2025-01-25,2025-01-30,5,407,4.5,4.0-4.5,True,True,Free breakfast available | Free cancellation,24.680944,46.689484,True
810042,Continent Al Waha Hotel,Booking.com,OTA,750.0,690.0,60.0,SAR,150.0,Mid-range,2025-01-18,2025-01-23,5,407,4.5,4.0-4.5,True,True,Free breakfast available | Free cancellation,24.680944,46.689484,True
810042,Continent Al Waha Hotel,Booking.com,OTA,555.0,498.75,56.25,SAR,138.75,Budget,2024-12-28,2025-01-01,4,407,4.5,4.0-4.5,True,True,Free breakfast available | Free cancellation,24.680944,46.689484,True
810042,Continent Al Waha Hotel,Booking.com,OTA,776.25,765.0,11.25,SAR,155.25,Mid-range,2025-02-09,2025-02-14,5,407,4.5,4.0-4.5,True,True,Free breakfast available | Free cancellation,24.680944,46.689484,True
810042,Continent Al Waha Hotel,Booking.com,OTA,476.25,438.75,37.5,SAR,476.25,Budget,2024-12-20,2024-12-21,1,407,4.5,4.0-4.5,False,False,,24.680944,46.689484,True
810042,Continent Al Waha Hotel,Booking.com,OTA,776.25,776.25,0.0,SAR,155.25,Mid-range,2025-02-11,2025-02-16,5,407,4.5,4.0-4.5,True,True,Free breakfast available | Free cancellation,24.680944,46.689484,True
810042,Continent Al Waha Hotel,Booking.com,OTA,506.25,450.0,56.25,SAR,126.56,Budget,2024-12-22,2024-12-26,4,407,4.5,4.0-4.5,True,True,Free breakfast available | Free cancellation,24.680944,46.689484,True
810042,Continent Al Waha Hotel,Booking.com,OTA,843.75,731.25,112.5,SAR,843.75,Upscale,2025-02-09,2025-02-10,1,407,4.5,4.0-4.5,True,True,Free breakfast available | Free cancellation,24.680944,46.689484,True
810042,Continent Al Waha Hotel,Booking.com,OTA,708.75,708.75,0.0,SAR,354.38,Mid-range,2025-01-03,2025-01-05,2,407,4.5,4.0-4.5,True,True,Free breakfast available | Free cancellation,24.680944,46.689484,True
810042,Continent Al Waha Hotel,Booking.com,OTA,731.25,690.0,41.25,SAR,182.81,Mid-range,2025-01-20,2025-01-24,4,407,4.5,4.0-4.5,True,True,Free breakfast available | Free cancellation,24.680944,46.689484,True
810042,Continent Al Waha Hotel,Booking.com,OTA,776.25,671.25,105.0,SAR,194.06,Mid-range,2025-02-13,2025-02-17,4,407,4.5,4.0-4.5,True,True,Free breakfast available | Free cancellation,24.680944,46.689484,True
810042,Continent Al Waha Hotel,Booking.com,OTA,720.0,690.0,30.0,SAR,240.0,Mid-range,2025-01-21,2025-01-24,3,407,4.5,4.0-4.5,True,True,Free breakfast available | Free cancellation,24.680944,46.689484,True
810042,Continent Al Waha Hotel,Booking.com,OTA,731.25,693.75,37.5,SAR,182.81,Mid-range,2025-01-13,2025-01-17,4,407,4.5,4.0-4.5,True,True,Free breakfast available | Free cancellation,24.680944,46.689484,True
810042,Continent Al Waha Hotel,Booking.com,OTA,843.75,772.5,71.25,SAR,843.75,Upscale,2025-02-17,2025-02-18,1,407,4.5,4.0-4.5,True,True,Free breakfast available | Free cancellation,24.680944,46.689484,True
810042,Continent Al Waha Hotel,Booking.com,OTA,750.0,690.0,60.0,SAR,187.5,Mid-range,2025-01-25,2025-01-29,4,407,4.5,4.0-4.5,True,True,Free breakfast available | Free cancellation,24.680944,46.689484,True
810042,Continent Al Waha Hotel,MakeMyTrip,OTA,795.0,701.25,93.75,SAR,795.0,Mid-range,2025-01-02,2025-01-03,1,407,4.5,4.0-4.5,True,True,Free breakfast available | Free cancellation,24.680944,46.689484,True
810042,Continent Al Waha Hotel,MakeMyTrip,OTA,727.5,701.25,26.25,SAR,727.5,Mid-range,2025-01-04,2025-01-05,1,407,4.5,4.0-4.5,True,True,Free breakfast available | Free cancellation,24.680944,46.689484,True
1486058,"Crowne Plaza Riyadh Palace, an IHG hotel",Booking.com,OTA,825.0,405.0,420.0,SAR,412.5,Upscale,2024-12-23,2024-12-25,2,239,4.0,3.5-4.0,True,True,"Free breakfast available | Free cancellation • Reserve now, pay at stay",24.664728,46.71136,True
1486058,"Crowne Plaza Riyadh Palace, an IHG hotel",Booking.com,OTA,765.0,562.5,202.5,SAR,255.0,Mid-range,2025-01-25,2025-01-28,3,239,4.0,3.5-4.0,False,False,,24.664728,46.71136,True
1486058,"Crowne Plaza Riyadh Palace, an IHG hotel",Booking.com,OTA,588.75,562.5,26.25,SAR,294.38,Budget,2025-01-05,2025-01-07,2,239,4.0,3.5-4.0,False,False,,24.664728,46.71136,True
1486058,"Crowne Plaza Riyadh Palace, an IHG hotel",Booking.com,OTA,701.25,562.5,138.75,SAR,175.31,Mid-range,2025-01-17,2025-01-21,4,239,4.0,3.5-4.0,False,False,,24.664728,46.71136,True
1486058,"Crowne Plaza Riyadh Palace, an IHG hotel",Booking.com,OTA,622.5,562.5,60.0,SAR,207.5,Mid-range,2025-01-10,2025-01-13,3,239,4.0,3.5-4.0,False,False,,24.664728,46.71136,True
1486058,"Crowne Plaza Riyadh Palace, an IHG hotel",Booking.com,OTA,690.0,562.5,127.5,SAR,345.0,Mid-range,2025-01-25,2025-01-27,2,239,4.0,3.5-4.0,False,False,,24.664728,46.71136,True
1486058,"Crowne Plaza Riyadh Palace, an IHG hotel",Booking.com,OTA,825.0,562.5,262.5,SAR,206.25,Upscale,2025-01-06,2025-01-10,4,239,4.0,3.5-4.0,False,False,,24.664728,46.71136,True
1486058,"Crowne Plaza Riyadh Palace, an IHG hotel",Booking.com,OTA,1297.5,562.5,735.0,SAR,648.75,Upscale,2025-02-10,2025-02-12,2,239,4.0,3.5-4.0,False,False,,24.664728,46.71136,True
1486058,"Crowne Plaza Riyadh Palace, an IHG hotel",Booking.com,OTA,915.0,562.5,352.5,SAR,457.5,Upscale,2025-02-16,2025-02-18,2,239,4.0,3.5-4.0,False,False,,24.664728,46.71136,True
1486058,"Crowne Plaza Riyadh Palace, an IHG hotel",Booking.com,OTA,753.75,566.25,187.5,SAR,251.25,Mid-range,2025-01-15,2025-01-18,3,239,4.0,3.5-4.0,False,False,,24.664728,46.71136,True
1486058,"Crowne Plaza Riyadh Palace, an IHG hotel",Booking.com,OTA,862.5,562.5,300.0,SAR,431.25,Upscale,2025-02-02,2025-02-04,2,239,4.0,3.5-4.0,False,False,,24.664728,46.71136,True
1486058,"Crowne Plaza Riyadh Palace, an IHG hotel",Booking.com,OTA,678.75,371.25,307.5,SAR,169.69,Mid-range,2024-12-28,2025-01-01,4,239,4.0,3.5-4.0,False,False,,24.664728,46.71136,True
1486058,"Crowne Plaza Riyadh Palace, an IHG hotel",Booking.com,OTA,615.0,611.25,3.75,SAR,615.0,Mid-range,2024-12-20,2024-12-21,1,239,4.0,3.5-4.0,True,False,"Free breakfast available | Reserve now, pay at stay",24.664728,46.71136,True
1486058,"Crowne Plaza Riyadh Palace, an IHG hotel",Booking.com,OTA,626.25,397.5,228.75,SAR,156.56,Mid-range,2024-12-22,2024-12-26,4,239,4.0,3.5-4.0,False,False,,24.664728,46.71136,True
1486058,"Crowne Plaza Riyadh Palace, an IHG hotel",Booking.com,OTA,513.75,513.75,0.0,SAR,256.88,Budget,2025-01-03,2025-01-05,2,239,4.0,3.5-4.0,False,False,,24.664728,46.71136,True
1486058,"Crowne Plaza Riyadh Palace, an IHG hotel",Booking.com,OTA,772.5,562.5,210.0,SAR,193.12,Mid-range,2025-01-20,2025-01-24,4,239,4.0,3.5-4.0,False,False,,24.664728,46.71136,True
1486058,"Crowne Plaza Riyadh Palace, an IHG hotel",Booking.com,OTA,690.0,562.5,127.5,SAR,172.5,Mid-range,2025-02-13,2025-02-17,4,239,4.0,3.5-4.0,False,False,,24.664728,46.71136,True
1486058,"Crowne Plaza Riyadh Palace, an IHG hotel",Booking.com,OTA,727.5,562.5,165.0,SAR,242.5,Mid-range,2025-01-21,2025-01-24,3,239,4.0,3.5-4.0,False,False,,24.664728,46.71136,True
1486058,"Crowne Plaza Riyadh Palace, an IHG hotel",Booking.com,OTA,1091.25,1091.25,0.0,SAR,272.81,Upscale,2025-01-13,2025-01-17,4,239,4.0,3.5-4.0,False,False,,24.664728,46.71136,True
1486058,"Crowne Plaza Riyadh Palace, an IHG hotel",Booking.com,OTA,772.5,562.5,210.0,SAR,193.12,Mid-range,2025-01-25,2025-01-29,4,239,4.0,3.5-4.0,False,False,,24.664728,46.71136,True
1486058,"Crowne Plaza Riyadh Palace, an IHG hotel",MakeMyTrip,OTA,483.75,483.75,0.0,SAR,483.75,Budget,2025-01-02,2025-01-03,1,239,4.0,3.5-4.0,False,False,,24.664728,46.71136,True
1486058,"Crowne Plaza Riyadh Palace, an IHG hotel",MakeMyTrip,OTA,941.25,941.25,0.0,SAR,941.25,Upscale,2025-02-17,2025-02-18,1,239,4.0,3.5-4.0,False,False,,24.664728,46.71136,True
1486058,"Crowne Plaza Riyadh Palace, an IHG hotel",Prestigia.com,OTA,562.5,562.5,0.0,SAR,112.5,Budget,2025-01-29,2025-02-03,5,239,4.0,3.5-4.0,False,False,,24.664728,46.71136,True
1486058,"Crowne Plaza Riyadh Palace, an IHG hotel",Prestigia.com,OTA,562.5,562.5,0.0,SAR,112.5,Budget,2025-01-25,2025-01-30,5,239,4.0,3.5-4.0,False,False,,24.664728,46.71136,True
1486058,"Crowne Plaza Riyadh Palace, an IHG hotel",Prestigia.com,OTA,562.5,562.5,0.0,SAR,112.5,Budget,2025-01-18,2025-01-23,5,239,4.0,3.5-4.0,False,False,,24.664728,46.71136,True
1486058,"Crowne Plaza Riyadh Palace, an IHG hotel",Prestigia.com,OTA,562.5,562.5,0.0,SAR,112.5,Budget,2025-02-09,2025-02-14,5,239,4.0,3.5-4.0,False,False,,24.664728,46.71136,True
1486058,"Crowne Plaza Riyadh Palace, an IHG hotel",Prestigia.com,OTA,562.5,562.5,0.0,SAR,112.5,Budget,2025-02-11,2025-02-16,5,239,4.0,3.5-4.0,False,False,,24.664728,46.71136,True
7789088,"Crowne Plaza Riyadh Rdc Hotel & Convention, An Ihg Hotel",Booking.com,OTA,930.0,930.0,0.0,SAR,930.0,Upscale,2025-01-02,2025-01-03,1,331,4.5,4.0-4.5,False,False,,24.738811,46.635284,True
7789088,"Crowne Plaza Riyadh Rdc Hotel & Convention, An Ihg Hotel",Booking.com,OTA,3116.25,3116.25,0.0,SAR,623.25,Luxury,2025-01-29,2025-02-03,5,331,4.5,4.0-4.5,False,False,,24.738811,46.635284,True
7789088,"Crowne Plaza Riyadh Rdc Hotel & Convention, An Ihg Hotel",Booking.com,OTA,1065.0,956.25,108.75,SAR,532.5,Upscale,2024-12-23,2024-12-25,2,331,4.5,4.0-4.5,True,True,"Free breakfast available | Free cancellation • Reserve now, pay at stay",24.738811,46.635284,True
7789088,"Crowne Plaza Riyadh Rdc Hotel & Convention, An Ihg Hotel",Booking.com,OTA,1878.75,1878.75,0.0,SAR,626.25,Luxury,2025-01-25,2025-01-28,3,331,4.5,4.0-4.5,False,False,,24.738811,46.635284,True
7789088,"Crowne Plaza Riyadh Rdc Hotel & Convention, An Ihg Hotel",Booking.com,OTA,1935.0,1515.0,420.0,SAR,967.5,Luxury,2025-01-05,2025-01-07,2,331,4.5,4.0-4.5,False,False,,24.738811,46.635284,True
7789088,"Crowne Plaza Riyadh Rdc Hotel & Convention, An Ihg Hotel",Booking.com,OTA,1590.0,1590.0,0.0,SAR,397.5,Upscale,2025-01-17,2025-01-21,4,331,4.5,4.0-4.5,False,False,,24.738811,46.635284,True
7789088,"Crowne Plaza Riyadh Rdc Hotel & Convention, An Ihg Hotel",Booking.com,OTA,1196.25,1196.25,0.0,SAR,398.75,Upscale,2025-01-10,2025-01-13,3,331,4.5,4.0-4.5,False,False,,24.738811,46.635284,True
7789088,"Crowne Plaza Riyadh Rdc Hotel & Convention, An Ihg Hotel",Booking.com,OTA,1545.0,1526.25,18.75,SAR,772.5,Upscale,2025-01-25,2025-01-27,2,331,4.5,4.0-4.5,False,False,,24.738811,46.635284,True
7789088,"Crowne Plaza Riyadh Rdc Hotel & Convention, An Ihg Hotel",Booking.com,OTA,2058.75,1425.0,633.75,SAR,514.69,Luxury,2025-01-06,2025-01-10,4,331,4.5,4.0-4.5,False,False,,24.738811,46.635284,True
7789088,"Crowne Plaza Riyadh Rdc Hotel & Convention, An Ihg Hotel",Booking.com,OTA,2310.0,2310.0,0.0,SAR,1155.0,Luxury,2025-02-16,2025-02-18,2,331,4.5,4.0-4.5,False,False,,24.738811,46.635284,True
7789088,"Crowne Plaza Riyadh Rdc Hotel & Convention, An Ihg Hotel",Booking.com,OTA,1650.0,1650.0,0.0,SAR,550.0,Luxury,2025-01-15,2025-01-18,3,331,4.5,4.0-4.5,False,False,,24.738811,46.635284,True
7789088,"Crowne Plaza Riyadh Rdc Hotel & Convention, An Ihg Hotel",Booking.com,OTA,2107.5,2107.5,0.0,SAR,1053.75,Luxury,2025-02-02,2025-02-04,2,331,4.5,4.0-4.5,False,False,,24.738811,46.635284,True
7789088,"Crowne Plaza Riyadh Rdc Hotel & Convention, An Ihg Hotel",Booking.com,OTA,3701.25,3701.25,0.0,SAR,3701.25,Luxury,2025-02-05,2025-02-06,1,331,4.5,4.0-4.5,False,False,,24.738811,46.635284,True
7789088,"Crowne Plaza Riyadh Rdc Hotel & Convention, An Ihg Hotel",Booking.com,OTA,3251.25,3251.25,0.0,SAR,650.25,Luxury,2025-01-25,2025-01-30,5,331,4.5,4.0-4.5,False,False,,24.738811,46.635284,True
7789088,"Crowne Plaza Riyadh Rdc Hotel & Convention, An Ihg Hotel",Booking.com,OTA,1762.5,1762.5,0.0,SAR,352.5,Luxury,2025-01-18,2025-01-23,5,331,4.5,4.0-4.5,False,False,,24.738811,46.635284,True
7789088,"Crowne Plaza Riyadh Rdc Hotel & Convention, An Ihg Hotel",Booking.com,OTA,892.5,892.5,0.0,SAR,223.12,Upscale,2024-12-28,2025-01-01,4,331,4.5,4.0-4.5,False,False,,24.738811,46.635284,True
7789088,"Crowne Plaza Riyadh Rdc Hotel & Convention, An Ihg Hotel",Booking.com,OTA,4556.25,3.75,4552.5,SAR,911.25,Luxury,2025-02-09,2025-02-14,5,331,4.5,4.0-4.5,False,False,,24.738811,46.635284,True
7789088,"Crowne Plaza Riyadh Rdc Hotel & Convention, An Ihg Hotel",Booking.com,OTA,1282.5,1282.5,0.0,SAR,1282.5,Upscale,2024-12-20,2024-12-21,1,331,4.5,4.0-4.5,True,False,"Free breakfast available | Reserve now, pay at stay",24.738811,46.635284,True
7789088,"Crowne Plaza Riyadh Rdc Hotel & Convention, An Ihg Hotel",Booking.com,OTA,960.0,960.0,0.0,SAR,960.0,Upscale,2025-01-04,2025-01-05,1,331,4.5,4.0-4.5,False,False,,24.738811,46.635284,True
7789088,"Crowne Plaza Riyadh Rdc Hotel & Convention, An Ihg Hotel",Booking.com,OTA,3461.25,3461.25,0.0,SAR,692.25,Luxury,2025-02-11,2025-02-16,5,331,4.5,4.0-4.5,False,False,,24.738811,46.635284,True
7789088,"Crowne Plaza Riyadh Rdc Hotel & Convention, An Ihg Hotel",Booking.com,OTA,1050.0,945.0,105.0,SAR,262.5,Upscale,2024-12-22,2024-12-26,4,331,4.5,4.0-4.5,True,True,"Free breakfast available | Free cancellation • Reserve now, pay at stay",24.738811,46.635284,True
7789088,"Crowne Plaza Riyadh Rdc Hotel & Convention, An Ihg Hotel",Booking.com,OTA,997.5,997.5,0.0,SAR,498.75,Upscale,2025-01-03,2025-01-05,2,331,4.5,4.0-4.5,False,False,,24.738811,46.635284,True
7789088,"Crowne Plaza Riyadh Rdc Hotel & Convention, An Ihg Hotel",Booking.com,OTA,1860.0,1860.0,0.0,SAR,465.0,Luxury,2025-01-20,2025-01-24,4,331,4.5,4.0-4.5,False,False,,24.738811,46.635284,True
7789088,"Crowne Plaza Riyadh Rdc Hotel & Convention, An Ihg Hotel",Booking.com,OTA,2212.5,2212.5,0.0,SAR,553.12,Luxury,2025-02-13,2025-02-17,4,331,4.5,4.0-4.5,False,False,,24.738811,46.635284,True
7789088,"Crowne Plaza Riyadh Rdc Hotel & Convention, An Ihg Hotel",Booking.com,OTA,1818.75,1818.75,0.0,SAR,606.25,Luxury,2025-01-21,2025-01-24,3,331,4.5,4.0-4.5,False,False,,24.738811,46.635284,True
7789088,"Crowne Plaza Riyadh Rdc Hotel & Convention, An Ihg Hotel",Booking.com,OTA,2047.5,2047.5,0.0,SAR,511.88,Luxury,2025-01-13,2025-01-17,4,331,4.5,4.0-4.5,False,False,,24.738811,46.635284,True
7789088,"Crowne Plaza Riyadh Rdc Hotel & Convention, An Ihg Hotel",Booking.com,OTA,2647.5,2647.5,0.0,SAR,2647.5,Luxury,2025-02-17,2025-02-18,1,331,4.5,4.0-4.5,False,False,,24.738811,46.635284,True
7789088,"Crowne Plaza Riyadh Rdc Hotel & Convention, An Ihg Hotel",Booking.com,OTA,3258.75,3258.75,0.0,SAR,814.69,Luxury,2025-01-25,2025-01-29,4,331,4.5,4.0-4.5,False,False,,24.738811,46.635284,True
17154823,"Crowne Plaza Riyadh al Waha, an IHG hotel",Booking.com,OTA,633.75,633.75,0.0,SAR,633.75,Mid-range,2025-01-02,2025-01-03,1,214,4.5,4.0-4.5,False,False,,24.742296,46.725163,True
17154823,"Crowne Plaza Riyadh al Waha, an IHG hotel",Booking.com,OTA,1076.25,1076.25,0.0,SAR,215.25,Upscale,2025-01-29,2025-02-03,5,214,4.5,4.0-4.5,False,False,,24.742296,46.725163,True
17154823,"Crowne Plaza Riyadh al Waha, an IHG hotel",Booking.com,OTA,705.0,705.0,0.0,SAR,352.5,Mid-range,2024-12-23,2024-12-25,2,214,4.5,4.0-4.5,False,False,,24.742296,46.725163,True
17154823,"Crowne Plaza Riyadh al Waha, an IHG hotel",Booking.com,OTA,1020.0,1001.25,18.75,SAR,340.0,Upscale,2025-01-25,2025-01-28,3,214,4.5,4.0-4.5,False,False,,24.742296,46.725163,True
17154823,"Crowne Plaza Riyadh al Waha, an IHG hotel",Booking.com,OTA,633.75,633.75,0.0,SAR,316.88,Mid-range,2025-01-05,2025-01-07,2,214,4.5,4.0-4.5,False,False,,24.742296,46.725163,True
17154823,"Crowne Plaza Riyadh al Waha, an IHG hotel",Booking.com,OTA,1173.75,1173.75,0.0,SAR,293.44,Upscale,2025-01-17,2025-01-21,4,214,4.5,4.0-4.5,False,False,,24.742296,46.725163,True
17154823,"Crowne Plaza Riyadh al Waha, an IHG hotel",Booking.com,OTA,821.25,821.25,0.0,SAR,273.75,Upscale,2025-01-10,2025-01-13,3,214,4.5,4.0-4.5,False,False,,24.742296,46.725163,True
17154823,"Crowne Plaza Riyadh al Waha, an IHG hotel",Booking.com,OTA,971.25,971.25,0.0,SAR,485.62,Upscale,2025-01-25,2025-01-27,2,214,4.5,4.0-4.5,False,False,,24.742296,46.725163,True
17154823,"Crowne Plaza Riyadh al Waha, an IHG hotel",Booking.com,OTA,633.75,630.0,3.75,SAR,158.44,Mid-range,2025-01-06,2025-01-10,4,214,4.5,4.0-4.5,False,False,,24.742296,46.725163,True
17154823,"Crowne Plaza Riyadh al Waha, an IHG hotel",Booking.com,OTA,1605.0,1605.0,0.0,SAR,802.5,Upscale,2025-02-16,2025-02-18,2,214,4.5,4.0-4.5,False,False,,24.742296,46.725163,True
17154823,"Crowne Plaza Riyadh al Waha, an IHG hotel",Booking.com,OTA,1282.5,1282.5,0.0,SAR,427.5,Upscale,2025-01-15,2025-01-18,3,214,4.5,4.0-4.5,False,False,,24.742296,46.725163,True
17154823,"Crowne Plaza Riyadh al Waha, an IHG hotel",Booking.com,OTA,1443.75,1443.75,0.0,SAR,721.88,Upscale,2025-02-02,2025-02-04,2,214,4.5,4.0-4.5,False,False,,24.742296,46.725163,True
17154823,"Crowne Plaza Riyadh al Waha, an IHG hotel",Booking.com,OTA,1076.25,1076.25,0.0,SAR,215.25,Upscale,2025-01-25,2025-01-30,5,214,4.5,4.0-4.5,False,False,,24.742296,46.725163,True
17154823,"Crowne Plaza Riyadh al Waha, an IHG hotel",Booking.com,OTA,1151.25,1128.75,22.5,SAR,230.25,Upscale,2025-01-18,2025-01-23,5,214,4.5,4.0-4.5,False,False,,24.742296,46.725163,True
17154823,"Crowne Plaza Riyadh al Waha, an IHG hotel",Booking.com,OTA,633.75,630.0,3.75,SAR,158.44,Mid-range,2024-12-28,2025-01-01,4,214,4.5,4.0-4.5,False,False,,24.742296,46.725163,True
17154823,"Crowne Plaza Riyadh al Waha, an IHG hotel",Booking.com,OTA,633.75,633.75,0.0,SAR,633.75,Mid-range,2024-12-20,2024-12-21,1,214,4.5,4.0-4.5,True,True,"Free breakfast available | Free cancellation • Reserve now, pay at stay",24.742296,46.725163,True
17154823,"Crowne Plaza Riyadh al Waha, an IHG hotel",Booking.com,OTA,870.0,840.0,30.0,SAR,217.5,Upscale,2024-12-22,2024-12-26,4,214,4.5,4.0-4.5,False,False,,24.742296,46.725163,True
17154823,"Crowne Plaza Riyadh al Waha, an IHG hotel",Booking.com,OTA,633.75,633.75,0.0,SAR,316.88,Mid-range,2025-01-03,2025-01-05,2,214,4.5,4.0-4.5,False,False,,24.742296,46.725163,True
17154823,"Crowne Plaza Riyadh al Waha, an IHG hotel",Booking.com,OTA,1098.75,1068.75,30.0,SAR,274.69,Upscale,2025-01-20,2025-01-24,4,214,4.5,4.0-4.5,False,False,,24.742296,46.725163,True
17154823,"Crowne Plaza Riyadh al Waha, an IHG hotel",Booking.com,OTA,1147.5,1147.5,0.0,SAR,286.88,Upscale,2025-02-13,2025-02-17,4,214,4.5,4.0-4.5,False,False,,24.742296,46.725163,True
17154823,"Crowne Plaza Riyadh al Waha, an IHG hotel",Booking.com,OTA,1080.0,1080.0,0.0,SAR,360.0,Upscale,2025-01-21,2025-01-24,3,214,4.5,4.0-4.5,False,False,,24.742296,46.725163,True
17154823,"Crowne Plaza Riyadh al Waha, an IHG hotel",Booking.com,OTA,1267.5,1267.5,0.0,SAR,316.88,Upscale,2025-01-13,2025-01-17,4,214,4.5,4.0-4.5,False,False,,24.742296,46.725163,True
17154823,"Crowne Plaza Riyadh al Waha, an IHG hotel",Booking.com,OTA,1053.75,1053.75,0.0,SAR,263.44,Upscale,2025-01-25,2025-01-29,4,214,4.5,4.0-4.5,False,False,,24.742296,46.725163,True
26059301,Damac Tower Riyadh Luxury Apartments,Agoda.com,OTA,750.0,750.0,0.0,SAR,750.0,Mid-range,2025-01-02,2025-01-03,1,1,5.0,4.5-5.0,False,False,,24.709423,46.67273,True
26059301,Damac Tower Riyadh Luxury Apartments,Agoda.com,OTA,738.75,723.75,15.0,SAR,147.75,Mid-range,2025-01-29,2025-02-03,5,1,5.0,4.5-5.0,False,False,,24.709423,46.67273,True
26059301,Damac Tower Riyadh Luxury Apartments,Agoda.com,OTA,660.0,660.0,0.0,SAR,330.0,Mid-range,2024-12-23,2024-12-25,2,1,5.0,4.5-5.0,False,False,,24.709423,46.67273,True
26059301,Damac Tower Riyadh Luxury Apartments,Agoda.com,OTA,502.5,502.5,0.0,SAR,167.5,Budget,2025-01-25,2025-01-28,3,1,5.0,4.5-5.0,False,False,,24.709423,46.67273,True
26059301,Damac Tower Riyadh Luxury Apartments,Agoda.com,OTA,502.5,502.5,0.0,SAR,251.25,Budget,2025-01-05,2025-01-07,2,1,5.0,4.5-5.0,False,False,,24.709423,46.67273,True
26059301,Damac Tower Riyadh Luxury Apartments,Agoda.com,OTA,690.0,690.0,0.0,SAR,230.0,Mid-range,2025-01-10,2025-01-13,3,1,5.0,4.5-5.0,False,False,,24.709423,46.67273,True
26059301,Damac Tower Riyadh Luxury Apartments,Agoda.com,OTA,502.5,502.5,0.0,SAR,251.25,Budget,2025-01-25,2025-01-27,2,1,5.0,4.5-5.0,False,False,,24.709423,46.67273,True
26059301,Damac Tower Riyadh Luxury Apartments,Agoda.com,OTA,506.25,506.25,0.0,SAR,126.56,Budget,2025-01-06,2025-01-10,4,1,5.0,4.5-5.0,False,False,,24.709423,46.67273,True
26059301,Damac Tower Riyadh Luxury Apartments,Agoda.com,OTA,502.5,502.5,0.0,SAR,251.25,Budget,2025-02-10,2025-02-12,2,1,5.0,4.5-5.0,False,False,,24.709423,46.67273,True
26059301,Damac Tower Riyadh Luxury Apartments,Agoda.com,OTA,502.5,502.5,0.0,SAR,251.25,Budget,2025-02-16,2025-02-18,2,1,5.0,4.5-5.0,False,False,,24.709423,46.67273,True
26059301,Damac Tower Riyadh Luxury Apartments,Agoda.com,OTA,502.5,502.5,0.0,SAR,167.5,Budget,2025-01-15,2025-01-18,3,1,5.0,4.5-5.0,False,False,,24.709423,46.67273,True
26059301,Damac Tower Riyadh Luxury Apartments,Agoda.com,OTA,502.5,502.5,0.0,SAR,251.25,Budget,2025-02-02,2025-02-04,2,1,5.0,4.5-5.0,False,False,,24.709423,46.67273,True
26059301,Damac Tower Riyadh Luxury Apartments,Agoda.com,OTA,720.0,720.0,0.0,SAR,720.0,Mid-range,2025-02-05,2025-02-06,1,1,5.0,4.5-5.0,False,False,,24.709423,46.67273,True
26059301,Damac Tower Riyadh Luxury Apartments,Agoda.com,OTA,1248.75,708.75,540.0,SAR,249.75,Upscale,2025-01-25,2025-01-30,5,1,5.0,4.5-5.0,False,False,,24.709423,46.67273,True
26059301,Damac Tower Riyadh Luxury Apartments,Agoda.com,OTA,660.0,660.0,0.0,SAR,165.0,Mid-range,2024-12-28,2025-01-01,4,1,5.0,4.5-5.0,False,False,,24.709423,46.67273,True
26059301,Damac Tower Riyadh Luxury Apartments,Agoda.com,OTA,506.25,506.25,0.0,SAR,101.25,Budget,2025-02-09,2025-02-14,5,1,5.0,4.5-5.0,False,False,,24.709423,46.67273,True
26059301,Damac Tower Riyadh Luxury Apartments,Agoda.com,OTA,506.25,506.25,0.0,SAR,506.25,Budget,2024-12-20,2024-12-21,1,1,5.0,4.5-5.0,False,False,,24.709423,46.67273,True
26059301,Damac Tower Riyadh Luxury Apartments,Agoda.com,OTA,660.0,660.0,0.0,SAR,660.0,Mid-range,2025-01-04,2025-01-05,1,1,5.0,4.5-5.0,False,False,,24.709423,46.67273,True
26059301,Damac Tower Riyadh Luxury Apartments,Agoda.com,OTA,506.25,506.25,0.0,SAR,101.25,Budget,2025-02-11,2025-02-16,5,1,5.0,4.5-5.0,False,False,,24.709423,46.67273,True
26059301,Damac Tower Riyadh Luxury Apartments,Agoda.com,OTA,660.0,660.0,0.0,SAR,165.0,Mid-range,2024-12-22,2024-12-26,4,1,5.0,4.5-5.0,False,False,,24.709423,46.67273,True
26059301,Damac Tower Riyadh Luxury Apartments,Agoda.com,OTA,720.0,708.75,11.25,SAR,720.0,Mid-range,2025-02-09,2025-02-10,1,1,5.0,4.5-5.0,False,False,,24.709423,46.67273,True
26059301,Damac Tower Riyadh Luxury Apartments,Agoda.com,OTA,506.25,506.25,0.0,SAR,126.56,Budget,2025-01-20,2025-01-24,4,1,5.0,4.5-5.0,False,False,,24.709423,46.67273,True
26059301,Damac Tower Riyadh Luxury Apartments,Agoda.com,OTA,506.25,506.25,0.0,SAR,126.56,Budget,2025-02-13,2025-02-17,4,1,5.0,4.5-5.0,False,False,,24.709423,46.67273,True
26059301,Damac Tower Riyadh Luxury Apartments,Agoda.com,OTA,720.0,708.75,11.25,SAR,720.0,Mid-range,2025-02-17,2025-02-18,1,1,5.0,4.5-5.0,False,False,,24.709423,46.67273,True
26059301,Damac Tower Riyadh Luxury Apartments,Agoda.com,OTA,750.0,708.75,41.25,SAR,187.5,Mid-range,2025-01-25,2025-01-29,4,1,5.0,4.5-5.0,False,False,,24.709423,46.67273,True
26366466,Erfad Hotel,Booking.com,OTA,588.75,588.75,0.0,SAR,294.38,Budget,2024-12-23,2024-12-25,2,2,4.5,4.0-4.5,False,False,,,,False
26366466,Erfad Hotel,Booking.com,OTA,652.5,652.5,0.0,SAR,652.5,Mid-range,2024-12-20,2024-12-21,1,2,4.5,4.0-4.5,False,False,,,,False
1748545,Executives Hotel - Olaya,Booking.com,OTA,615.0,540.0,75.0,SAR,615.0,Mid-range,2025-01-02,2025-01-03,1,165,4.0,3.5-4.0,True,True,Free breakfast available | Free cancellation,24.70869,46.678,True
1748545,Executives Hotel - Olaya,Booking.com,OTA,558.75,513.75,45.0,SAR,111.75,Budget,2025-01-29,2025-02-03,5,165,4.0,3.5-4.0,True,True,Free breakfast available | Free cancellation,24.70869,46.678,True
1748545,Executives Hotel - Olaya,Booking.com,OTA,450.0,412.5,37.5,SAR,225.0,Budget,2024-12-23,2024-12-25,2,165,4.0,3.5-4.0,True,True,Free breakfast available | Free cancellation,24.70869,46.678,True
1748545,Executives Hotel - Olaya,Booking.com,OTA,566.25,521.25,45.0,SAR,188.75,Budget,2025-01-25,2025-01-28,3,165,4.0,3.5-4.0,True,True,Free breakfast available | Free cancellation,24.70869,46.678,True
1748545,Executives Hotel - Olaya,Booking.com,OTA,566.25,551.25,15.0,SAR,283.12,Budget,2025-01-05,2025-01-07,2,165,4.0,3.5-4.0,True,True,Free breakfast available | Free cancellation,24.70869,46.678,True
1748545,Executives Hotel - Olaya,Booking.com,OTA,566.25,551.25,15.0,SAR,141.56,Budget,2025-01-17,2025-01-21,4,165,4.0,3.5-4.0,True,True,Free breakfast available | Free cancellation,24.70869,46.678,True
1748545,Executives Hotel - Olaya,Booking.com,OTA,566.25,521.25,45.0,SAR,188.75,Budget,2025-01-10,2025-01-13,3,165,4.0,3.5-4.0,True,True,Free breakfast available | Free cancellation,24.70869,46.678,True
1748545,Executives Hotel - Olaya,Booking.com,OTA,566.25,551.25,15.0,SAR,283.12,Budget,2025-01-25,2025-01-27,2,165,4.0,3.5-4.0,True,True,Free breakfast available | Free cancellation,24.70869,46.678,True
1748545,Executives Hotel - Olaya,Booking.com,OTA,566.25,521.25,45.0,SAR,141.56,Budget,2025-01-06,2025-01-10,4,165,4.0,3.5-4.0,True,True,Free breakfast available | Free cancellation,24.70869,46.678,True
1748545,Executives Hotel - Olaya,Booking.com,OTA,543.75,528.75,15.0,SAR,271.88,Budget,2025-02-10,2025-02-12,2,165,4.0,3.5-4.0,True,True,Free breakfast available | Free cancellation,24.70869,46.678,True
1748545,Executives Hotel - Olaya,Booking.com,OTA,543.75,528.75,15.0,SAR,271.88,Budget,2025-02-16,2025-02-18,2,165,4.0,3.5-4.0,True,True,Free breakfast available | Free cancellation,24.70869,46.678,True
1748545,Executives Hotel - Olaya,Booking.com,OTA,566.25,521.25,45.0,SAR,188.75,Budget,2025-01-15,2025-01-18,3,165,4.0,3.5-4.0,True,True,Free breakfast available | Free cancellation,24.70869,46.678,True
1748545,Executives Hotel - Olaya,Booking.com,OTA,543.75,528.75,15.0,SAR,271.88,Budget,2025-02-02,2025-02-04,2,165,4.0,3.5-4.0,True,True,Free breakfast available | Free cancellation,24.70869,46.678,True
1748545,Executives Hotel - Olaya,Booking.com,OTA,592.5,517.5,75.0,SAR,592.5,Mid-range,2025-02-05,2025-02-06,1,165,4.0,3.5-4.0,True,True,Free breakfast available | Free cancellation,24.70869,46.678,True
1748545,Executives Hotel - Olaya,Booking.com,OTA,566.25,521.25,45.0,SAR,113.25,Budget,2025-01-25,2025-01-30,5,165,4.0,3.5-4.0,True,True,Free breakfast available | Free cancellation,24.70869,46.678,True
1748545,Executives Hotel - Olaya,Booking.com,OTA,566.25,551.25,15.0,SAR,113.25,Budget,2025-01-18,2025-01-23,5,165,4.0,3.5-4.0,True,True,Free breakfast available | Free cancellation,24.70869,46.678,True
1748545,Executives Hotel - Olaya,Booking.com,OTA,517.5,476.25,41.25,SAR,129.38,Budget,2024-12-28,2025-01-01,4,165,4.0,3.5-4.0,True,True,Free breakfast available | Free cancellation,24.70869,46.678,True
1748545,Executives Hotel - Olaya,Booking.com,OTA,543.75,502.5,41.25,SAR,108.75,Budget,2025-02-09,2025-02-14,5,165,4.0,3.5-4.0,True,True,Free breakfast available | Free cancellation,24.70869,46.678,True
1748545,Executives Hotel - Olaya,Booking.com,OTA,465.0,420.0,45.0,SAR,465.0,Budget,2024-12-20,2024-12-21,1,165,4.0,3.5-4.0,False,False,,24.70869,46.678,True
1748545,Executives Hotel - Olaya,Booking.com,OTA,615.0,540.0,75.0,SAR,615.0,Mid-range,2025-01-04,2025-01-05,1,165,4.0,3.5-4.0,True,True,Free breakfast available | Free cancellation,24.70869,46.678,True
1748545,Executives Hotel - Olaya,Booking.com,OTA,525.0,483.75,41.25,SAR,105.0,Budget,2025-02-11,2025-02-16,5,165,4.0,3.5-4.0,True,True,Free breakfast available | Free cancellation,24.70869,46.678,True
1748545,Executives Hotel - Olaya,Booking.com,OTA,446.25,405.0,41.25,SAR,111.56,Budget,2024-12-22,2024-12-26,4,165,4.0,3.5-4.0,False,False,,24.70869,46.678,True
1748545,Executives Hotel - Olaya,Booking.com,OTA,592.5,517.5,75.0,SAR,592.5,Mid-range,2025-02-09,2025-02-10,1,165,4.0,3.5-4.0,True,True,Free breakfast available | Free cancellation,24.70869,46.678,True
1748545,Executives Hotel - Olaya,Booking.com,OTA,566.25,551.25,15.0,SAR,283.12,Budget,2025-01-03,2025-01-05,2,165,4.0,3.5-4.0,True,True,Free breakfast available | Free cancellation,24.70869,46.678,True
1748545,Executives Hotel - Olaya,Booking.com,OTA,566.25,521.25,45.0,SAR,141.56,Budget,2025-01-20,2025-01-24,4,165,4.0,3.5-4.0,True,True,Free breakfast available | Free cancellation,24.70869,46.678,True
1748545,Executives Hotel - Olaya,Booking.com,OTA,521.25,480.0,41.25,SAR,130.31,Budget,2025-02-13,2025-02-17,4,165,4.0,3.5-4.0,True,True,Free breakfast available | Free cancellation,24.70869,46.678,True
1748545,Executives Hotel - Olaya,Booking.com,OTA,566.25,551.25,15.0,SAR,188.75,Budget,2025-01-21,2025-01-24,3,165,4.0,3.5-4.0,True,True,Free breakfast available | Free cancellation,24.70869,46.678,True
1748545,Executives Hotel - Olaya,Booking.com,OTA,566.25,551.25,15.0,SAR,141.56,Budget,2025-01-13,2025-01-17,4,165,4.0,3.5-4.0,True,True,Free breakfast available | Free cancellation,24.70869,46.678,True
1748545,Executives Hotel - Olaya,Booking.com,OTA,592.5,517.5,75.0,SAR,592.5,Mid-range,2025-02-17,2025-02-18,1,165,4.0,3.5-4.0,True,True,Free breakfast available | Free cancellation,24.70869,46.678,True
1748545,Executives Hotel - Olaya,Booking.com,OTA,566.25,521.25,45.0,SAR,141.56,Budget,2025-01-25,2025-01-29,4,165,4.0,3.5-4.0,True,True,Free breakfast available | Free cancellation,24.70869,46.678,True
23569851,Fairmont Ramla Serviced Residences,all.accor.com,Direct / Brand,1518.75,1518.75,0.0,SAR,1518.75,Upscale,2025-01-02,2025-01-03,1,121,4.5,4.0-4.5,False,False,,,,False
23569851,Fairmont Ramla Serviced Residences,all.accor.com,Direct / Brand,1518.75,1518.75,0.0,SAR,1518.75,Upscale,2025-01-02,2025-01-03,1,121,4.5,4.0-4.5,False,False,,,,False
23569851,Fairmont Ramla Serviced Residences,all.accor.com,Direct / Brand,2542.5,2542.5,0.0,SAR,508.5,Luxury,2025-01-29,2025-02-03,5,121,4.5,4.0-4.5,False,False,,,,False
23569851,Fairmont Ramla Serviced Residences,all.accor.com,Direct / Brand,2542.5,2542.5,0.0,SAR,508.5,Luxury,2025-01-29,2025-02-03,5,121,4.5,4.0-4.5,False,False,,,,False
23569851,Fairmont Ramla Serviced Residences,all.accor.com,Direct / Brand,2148.75,2148.75,0.0,SAR,716.25,Luxury,2025-01-10,2025-01-13,3,121,4.5,4.0-4.5,False,False,,,,False
23569851,Fairmont Ramla Serviced Residences,all.accor.com,Direct / Brand,1672.5,1672.5,0.0,SAR,418.12,Luxury,2025-01-06,2025-01-10,4,121,4.5,4.0-4.5,False,False,,,,False
23569851,Fairmont Ramla Serviced Residences,all.accor.com,Direct / Brand,6232.5,6232.5,0.0,SAR,3116.25,Luxury,2025-02-10,2025-02-12,2,121,4.5,4.0-4.5,False,False,,,,False
23569851,Fairmont Ramla Serviced Residences,all.accor.com,Direct / Brand,2280.0,2280.0,0.0,SAR,1140.0,Luxury,2025-02-02,2025-02-04,2,121,4.5,4.0-4.5,False,False,,,,False
23569851,Fairmont Ramla Serviced Residences,all.accor.com,Direct / Brand,1293.75,1293.75,0.0,SAR,323.44,Upscale,2024-12-28,2025-01-01,4,121,4.5,4.0-4.5,False,False,,,,False
23569851,Fairmont Ramla Serviced Residences,all.accor.com,Direct / Brand,5632.5,5632.5,0.0,SAR,1126.5,Luxury,2025-02-09,2025-02-14,5,121,4.5,4.0-4.5,False,False,,,,False
23569851,Fairmont Ramla Serviced Residences,all.accor.com,Direct / Brand,5632.5,5632.5,0.0,SAR,1126.5,Luxury,2025-02-09,2025-02-14,5,121,4.5,4.0-4.5,False,False,,,,False
23569851,Fairmont Ramla Serviced Residences,all.accor.com,Direct / Brand,1518.75,1518.75,0.0,SAR,1518.75,Upscale,2025-01-04,2025-01-05,1,121,4.5,4.0-4.5,False,False,,,,False
23569851,Fairmont Ramla Serviced Residences,all.accor.com,Direct / Brand,2538.75,2538.75,0.0,SAR,634.69,Luxury,2025-02-13,2025-02-17,4,121,4.5,4.0-4.5,False,False,,,,False
23569851,Fairmont Ramla Serviced Residences,all.accor.com,Direct / Brand,2538.75,2538.75,0.0,SAR,634.69,Luxury,2025-02-13,2025-02-17,4,121,4.5,4.0-4.5,False,False,,,,False
23569851,Fairmont Ramla Serviced Residences,all.accor.com,Direct / Brand,2280.0,2280.0,0.0,SAR,2280.0,Luxury,2025-02-17,2025-02-18,1,121,4.5,4.0-4.5,False,False,,,,False
23569851,Fairmont Ramla Serviced Residences,all.accor.com,Direct / Brand,2178.75,2178.75,0.0,SAR,544.69,Luxury,2025-01-25,2025-01-29,4,121,4.5,4.0-4.5,False,False,,,,False
15215188,Fairmont Riyadh,Fairmont,Direct / Brand,1605.0,1605.0,0.0,SAR,1605.0,Upscale,2025-01-02,2025-01-03,1,220,4.5,4.0-4.5,False,False,,24.808397,46.71805,True
15215188,Fairmont Riyadh,Fairmont,Direct / Brand,1890.0,1702.5,187.5,SAR,378.0,Luxury,2025-01-29,2025-02-03,5,220,4.5,4.0-4.5,True,True,"Free breakfast available | Free cancellation • Reserve now, pay at stay",24.808397,46.71805,True
15215188,Fairmont Riyadh,Fairmont,Direct / Brand,2118.75,1582.5,536.25,SAR,706.25,Luxury,2025-01-25,2025-01-28,3,220,4.5,4.0-4.5,True,True,"Free breakfast available | Free cancellation • Reserve now, pay at stay",24.808397,46.71805,True
15215188,Fairmont Riyadh,Fairmont,Direct / Brand,2280.0,1702.5,577.5,SAR,1140.0,Luxury,2025-01-05,2025-01-07,2,220,4.5,4.0-4.5,True,True,"Free breakfast available | Free cancellation • Reserve now, pay at stay",24.808397,46.71805,True
15215188,Fairmont Riyadh,Fairmont,Direct / Brand,1845.0,1661.25,183.75,SAR,615.0,Luxury,2025-01-10,2025-01-13,3,220,4.5,4.0-4.5,True,True,"Free breakfast available | Free cancellation • Reserve now, pay at stay",24.808397,46.71805,True
15215188,Fairmont Riyadh,Fairmont,Direct / Brand,2171.25,1620.0,551.25,SAR,1085.62,Luxury,2025-01-25,2025-01-27,2,220,4.5,4.0-4.5,True,True,"Free breakfast available | Free cancellation • Reserve now, pay at stay",24.808397,46.71805,True
15215188,Fairmont Riyadh,Fairmont,Direct / Brand,2025.0,1511.25,513.75,SAR,506.25,Luxury,2025-01-06,2025-01-10,4,220,4.5,4.0-4.5,True,True,"Free breakfast available | Free cancellation • Reserve now, pay at stay",24.808397,46.71805,True
15215188,Fairmont Riyadh,Fairmont,Direct / Brand,3798.75,2831.25,967.5,SAR,1899.38,Luxury,2025-02-10,2025-02-12,2,220,4.5,4.0-4.5,True,True,"Free breakfast available | Free cancellation • Reserve now, pay at stay",24.808397,46.71805,True
15215188,Fairmont Riyadh,Fairmont,Direct / Brand,2767.5,2066.25,701.25,SAR,1383.75,Luxury,2025-02-16,2025-02-18,2,220,4.5,4.0-4.5,True,True,"Free breakfast available | Free cancellation • Reserve now, pay at stay",24.808397,46.71805,True
15215188,Fairmont Riyadh,Fairmont,Direct / Brand,2692.5,2010.0,682.5,SAR,897.5,Luxury,2025-01-15,2025-01-18,3,220,4.5,4.0-4.5,True,True,"Free breakfast available | Free cancellation • Reserve now, pay at stay",24.808397,46.71805,True
15215188,Fairmont Riyadh,Fairmont,Direct / Brand,2497.5,1860.0,637.5,SAR,1248.75,Luxury,2025-02-02,2025-02-04,2,220,4.5,4.0-4.5,True,True,"Free breakfast available | Free cancellation • Reserve now, pay at stay",24.808397,46.71805,True
15215188,Fairmont Riyadh,Fairmont,Direct / Brand,1556.25,1068.75,487.5,SAR,389.06,Upscale,2024-12-28,2025-01-01,4,220,4.5,4.0-4.5,True,True,"Free breakfast available | Free cancellation • Reserve now, pay at stay",24.808397,46.71805,True
15215188,Fairmont Riyadh,Fairmont,Direct / Brand,3093.75,2782.5,311.25,SAR,618.75,Luxury,2025-02-09,2025-02-14,5,220,4.5,4.0-4.5,True,True,"Free breakfast available | Free cancellation • Reserve now, pay at stay",24.808397,46.71805,True
15215188,Fairmont Riyadh,Fairmont,Direct / Brand,1687.5,1638.75,48.75,SAR,1687.5,Luxury,2024-12-20,2024-12-21,1,220,4.5,4.0-4.5,True,False,"Free breakfast available | Reserve now, pay at stay",24.808397,46.71805,True
15215188,Fairmont Riyadh,Fairmont,Direct / Brand,1605.0,1605.0,0.0,SAR,1605.0,Upscale,2025-01-04,2025-01-05,1,220,4.5,4.0-4.5,False,False,,24.808397,46.71805,True
15215188,Fairmont Riyadh,Fairmont,Direct / Brand,2088.75,1470.0,618.75,SAR,522.19,Luxury,2024-12-22,2024-12-26,4,220,4.5,4.0-4.5,True,True,"Free breakfast available | Free cancellation • Reserve now, pay at stay",24.808397,46.71805,True
15215188,Fairmont Riyadh,Fairmont,Direct / Brand,2152.5,1608.75,543.75,SAR,538.12,Luxury,2025-01-20,2025-01-24,4,220,4.5,4.0-4.5,True,True,"Free breakfast available | Free cancellation • Reserve now, pay at stay",24.808397,46.71805,True
15215188,Fairmont Riyadh,Fairmont,Direct / Brand,2036.25,1522.5,513.75,SAR,509.06,Luxury,2025-02-13,2025-02-17,4,220,4.5,4.0-4.5,True,True,"Free breakfast available | Free cancellation • Reserve now, pay at stay",24.808397,46.71805,True
15215188,Fairmont Riyadh,Fairmont,Direct / Brand,2921.25,2921.25,0.0,SAR,2921.25,Luxury,2025-02-17,2025-02-18,1,220,4.5,4.0-4.5,False,False,,24.808397,46.71805,True
15215188,Fairmont Riyadh,Fairmont,Direct / Brand,2152.5,1608.75,543.75,SAR,538.12,Luxury,2025-01-25,2025-01-29,4,220,4.5,4.0-4.5,True,True,"Free breakfast available | Free cancellation • Reserve now, pay at stay",24.808397,46.71805,True
15215188,Fairmont Riyadh,all.accor.com,Direct / Brand,1605.0,1605.0,0.0,SAR,1605.0,Upscale,2025-01-02,2025-01-03,1,220,4.5,4.0-4.5,False,False,,24.808397,46.71805,True
15215188,Fairmont Riyadh,all.accor.com,Direct / Brand,1605.0,1605.0,0.0,SAR,1605.0,Upscale,2025-01-02,2025-01-03,1,220,4.5,4.0-4.5,False,False,,24.808397,46.71805,True
15215188,Fairmont Riyadh,all.accor.com,Direct / Brand,1890.0,1890.0,0.0,SAR,378.0,Luxury,2025-01-29,2025-02-03,5,220,4.5,4.0-4.5,True,True,"Free breakfast available | Free cancellation • Reserve now, pay at stay",24.808397,46.71805,True
15215188,Fairmont Riyadh,all.accor.com,Direct / Brand,2280.0,2280.0,0.0,SAR,1140.0,Luxury,2025-01-05,2025-01-07,2,220,4.5,4.0-4.5,True,True,"Free breakfast available | Free cancellation • Reserve now, pay at stay",24.808397,46.71805,True
15215188,Fairmont Riyadh,all.accor.com,Direct / Brand,2025.0,2025.0,0.0,SAR,506.25,Luxury,2025-01-06,2025-01-10,4,220,4.5,4.0-4.5,True,True,"Free breakfast available | Free cancellation • Reserve now, pay at stay",24.808397,46.71805,True
15215188,Fairmont Riyadh,all.accor.com,Direct / Brand,3798.75,3798.75,0.0,SAR,1899.38,Luxury,2025-02-10,2025-02-12,2,220,4.5,4.0-4.5,True,True,"Free breakfast available | Free cancellation • Reserve now, pay at stay",24.808397,46.71805,True
15215188,Fairmont Riyadh,all.accor.com,Direct / Brand,1556.25,1556.25,0.0,SAR,389.06,Upscale,2024-12-28,2025-01-01,4,220,4.5,4.0-4.5,True,True,"Free breakfast available | Free cancellation • Reserve now, pay at stay",24.808397,46.71805,True
15215188,Fairmont Riyadh,all.accor.com,Direct / Brand,1556.25,1556.25,0.0,SAR,389.06,Upscale,2024-12-28,2025-01-01,4,220,4.5,4.0-4.5,True,True,"Free breakfast available | Free cancellation • Reserve now, pay at stay",24.808397,46.71805,True
15215188,Fairmont Riyadh,all.accor.com,Direct / Brand,3093.75,3093.75,0.0,SAR,618.75,Luxury,2025-02-09,2025-02-14,5,220,4.5,4.0-4.5,True,True,"Free breakfast available | Free cancellation • Reserve now, pay at stay",24.808397,46.71805,True
15215188,Fairmont Riyadh,all.accor.com,Direct / Brand,3093.75,3093.75,0.0,SAR,618.75,Luxury,2025-02-09,2025-02-14,5,220,4.5,4.0-4.5,True,True,"Free breakfast available | Free cancellation • Reserve now, pay at stay",24.808397,46.71805,True
15215188,Fairmont Riyadh,all.accor.com,Direct / Brand,1687.5,1687.5,0.0,SAR,1687.5,Luxury,2024-12-20,2024-12-21,1,220,4.5,4.0-4.5,True,False,"Free breakfast available | Reserve now, pay at stay",24.808397,46.71805,True
15215188,Fairmont Riyadh,all.accor.com,Direct / Brand,1605.0,1605.0,0.0,SAR,1605.0,Upscale,2025-01-04,2025-01-05,1,220,4.5,4.0-4.5,False,False,,24.808397,46.71805,True
15215188,Fairmont Riyadh,all.accor.com,Direct / Brand,1605.0,1605.0,0.0,SAR,1605.0,Upscale,2025-01-04,2025-01-05,1,220,4.5,4.0-4.5,False,False,,24.808397,46.71805,True
15215188,Fairmont Riyadh,all.accor.com,Direct / Brand,2152.5,2152.5,0.0,SAR,538.12,Luxury,2025-01-20,2025-01-24,4,220,4.5,4.0-4.5,True,True,"Free breakfast available | Free cancellation • Reserve now, pay at stay",24.808397,46.71805,True
15215188,Fairmont Riyadh,all.accor.com,Direct / Brand,2036.25,2036.25,0.0,SAR,509.06,Luxury,2025-02-13,2025-02-17,4,220,4.5,4.0-4.5,True,True,"Free breakfast available | Free cancellation • Reserve now, pay at stay",24.808397,46.71805,True
15215188,Fairmont Riyadh,all.accor.com,Direct / Brand,2921.25,2921.25,0.0,SAR,2921.25,Luxury,2025-02-17,2025-02-18,1,220,4.5,4.0-4.5,False,False,,24.808397,46.71805,True
15215188,Fairmont Riyadh,all.accor.com,Direct / Brand,2152.5,2152.5,0.0,SAR,538.12,Luxury,2025-01-25,2025-01-29,4,220,4.5,4.0-4.5,True,True,"Free breakfast available | Free cancellation • Reserve now, pay at stay",24.808397,46.71805,True
15756839,Hilton Riyadh Hotel & Residences,Booking.com,OTA,1128.75,1128.75,0.0,SAR,1128.75,Upscale,2025-01-02,2025-01-03,1,1626,4.5,4.0-4.5,False,False,,24.785522,46.72788,True
15756839,Hilton Riyadh Hotel & Residences,Booking.com,OTA,1335.0,1293.75,41.25,SAR,267.0,Upscale,2025-01-29,2025-02-03,5,1626,4.5,4.0-4.5,False,False,,24.785522,46.72788,True
15756839,Hilton Riyadh Hotel & Residences,Booking.com,OTA,1027.5,982.5,45.0,SAR,513.75,Upscale,2024-12-23,2024-12-25,2,1626,4.5,4.0-4.5,False,False,,24.785522,46.72788,True
15756839,Hilton Riyadh Hotel & Residences,Booking.com,OTA,1605.0,1605.0,0.0,SAR,535.0,Upscale,2025-01-25,2025-01-28,3,1626,4.5,4.0-4.5,False,False,,24.785522,46.72788,True
15756839,Hilton Riyadh Hotel & Residences,Booking.com,OTA,1488.75,1488.75,0.0,SAR,744.38,Upscale,2025-01-05,2025-01-07,2,1626,4.5,4.0-4.5,False,False,,24.785522,46.72788,True
15756839,Hilton Riyadh Hotel & Residences,Booking.com,OTA,1383.75,1346.25,37.5,SAR,345.94,Upscale,2025-01-17,2025-01-21,4,1626,4.5,4.0-4.5,False,False,,24.785522,46.72788,True
15756839,Hilton Riyadh Hotel & Residences,Booking.com,OTA,1230.0,1230.0,0.0,SAR,410.0,Upscale,2025-01-10,2025-01-13,3,1626,4.5,4.0-4.5,False,False,,24.785522,46.72788,True
15756839,Hilton Riyadh Hotel & Residences,Booking.com,OTA,1282.5,1282.5,0.0,SAR,641.25,Upscale,2025-01-25,2025-01-27,2,1626,4.5,4.0-4.5,False,False,,24.785522,46.72788,True
15756839,Hilton Riyadh Hotel & Residences,Booking.com,OTA,1436.25,1395.0,41.25,SAR,359.06,Upscale,2025-01-06,2025-01-10,4,1626,4.5,4.0-4.5,False,False,,24.785522,46.72788,True
15756839,Hilton Riyadh Hotel & Residences,Booking.com,OTA,4200.0,3.75,4196.25,SAR,2100.0,Luxury,2025-02-10,2025-02-12,2,1626,4.5,4.0-4.5,False,False,,24.785522,46.72788,True
15756839,Hilton Riyadh Hotel & Residences,Booking.com,OTA,2460.0,2460.0,0.0,SAR,1230.0,Luxury,2025-02-16,2025-02-18,2,1626,4.5,4.0-4.5,False,False,,24.785522,46.72788,True
15756839,Hilton Riyadh Hotel & Residences,Booking.com,OTA,1230.0,1230.0,0.0,SAR,410.0,Upscale,2025-01-15,2025-01-18,3,1626,4.5,4.0-4.5,False,False,,24.785522,46.72788,True
15756839,Hilton Riyadh Hotel & Residences,Booking.com,OTA,2051.25,2051.25,0.0,SAR,1025.62,Luxury,2025-02-02,2025-02-04,2,1626,4.5,4.0-4.5,False,False,,24.785522,46.72788,True
15756839,Hilton Riyadh Hotel & Residences,Booking.com,OTA,1845.0,1845.0,0.0,SAR,1845.0,Luxury,2025-02-05,2025-02-06,1,1626,4.5,4.0-4.5,False,False,,24.785522,46.72788,True
15756839,Hilton Riyadh Hotel & Residences,Booking.com,OTA,1702.5,1653.75,48.75,SAR,340.5,Luxury,2025-01-25,2025-01-30,5,1626,4.5,4.0-4.5,False,False,,24.785522,46.72788,True
15756839,Hilton Riyadh Hotel & Residences,Booking.com,OTA,1537.5,1492.5,45.0,SAR,307.5,Upscale,2025-01-18,2025-01-23,5,1626,4.5,4.0-4.5,False,False,,24.785522,46.72788,True
15756839,Hilton Riyadh Hotel & Residences,Booking.com,OTA,1027.5,960.0,67.5,SAR,256.88,Upscale,2024-12-28,2025-01-01,4,1626,4.5,4.0-4.5,False,False,,24.785522,46.72788,True
15756839,Hilton Riyadh Hotel & Residences,Booking.com,OTA,3176.25,3086.25,90.0,SAR,635.25,Luxury,2025-02-09,2025-02-14,5,1626,4.5,4.0-4.5,False,False,,24.785522,46.72788,True
15756839,Hilton Riyadh Hotel & Residences,Booking.com,OTA,1642.5,1612.5,30.0,SAR,1642.5,Luxury,2024-12-20,2024-12-21,1,1626,4.5,4.0-4.5,False,False,,24.785522,46.72788,True
15756839,Hilton Riyadh Hotel & Residences,Booking.com,OTA,1128.75,1128.75,0.0,SAR,1128.75,Upscale,2025-01-04,2025-01-05,1,1626,4.5,4.0-4.5,False,False,,24.785522,46.72788,True
15756839,Hilton Riyadh Hotel & Residences,Booking.com,OTA,2175.0,2111.25,63.75,SAR,435.0,Luxury,2025-02-11,2025-02-16,5,1626,4.5,4.0-4.5,False,False,,24.785522,46.72788,True
15756839,Hilton Riyadh Hotel & Residences,Booking.com,OTA,1027.5,960.0,67.5,SAR,256.88,Upscale,2024-12-22,2024-12-26,4,1626,4.5,4.0-4.5,False,False,,24.785522,46.72788,True
15756839,Hilton Riyadh Hotel & Residences,Booking.com,OTA,3075.0,3075.0,0.0,SAR,3075.0,Luxury,2025-02-09,2025-02-10,1,1626,4.5,4.0-4.5,False,False,,24.785522,46.72788,True
15756839,Hilton Riyadh Hotel & Residences,Booking.com,OTA,1128.75,960.0,168.75,SAR,564.38,Upscale,2025-01-03,2025-01-05,2,1626,4.5,4.0-4.5,False,False,,24.785522,46.72788,True
15756839,Hilton Riyadh Hotel & Residences,Booking.com,OTA,1563.75,1518.75,45.0,SAR,390.94,Upscale,2025-01-20,2025-01-24,4,1626,4.5,4.0-4.5,False,False,,24.785522,46.72788,True
15756839,Hilton Riyadh Hotel & Residences,Booking.com,OTA,1357.5,1320.0,37.5,SAR,339.38,Upscale,2025-02-13,2025-02-17,4,1626,4.5,4.0-4.5,False,False,,24.785522,46.72788,True
15756839,Hilton Riyadh Hotel & Residences,Booking.com,OTA,1470.0,1470.0,0.0,SAR,490.0,Upscale,2025-01-21,2025-01-24,3,1626,4.5,4.0-4.5,False,False,,24.785522,46.72788,True
15756839,Hilton Riyadh Hotel & Residences,Booking.com,OTA,1563.75,1518.75,45.0,SAR,390.94,Upscale,2025-01-13,2025-01-17,4,1626,4.5,4.0-4.5,False,False,,24.785522,46.72788,True
15756839,Hilton Riyadh Hotel & Residences,Booking.com,OTA,3075.0,3075.0,0.0,SAR,3075.0,Luxury,2025-02-17,2025-02-18,1,1626,4.5,4.0-4.5,False,False,,24.785522,46.72788,True
15756839,Hilton Riyadh Hotel & Residences,Booking.com,OTA,1770.0,1702.5,67.5,SAR,442.5,Luxury,2025-01-25,2025-01-29,4,1626,4.5,4.0-4.5,False,False,,24.785522,46.72788,True
15756839,Hilton Riyadh Hotel & Residences,Vio.com,OTA,1282.5,1282.5,0.0,SAR,256.5,Upscale,2025-01-29,2025-02-03,5,1626,4.5,4.0-4.5,False,False,,24.785522,46.72788,True
15756839,Hilton Riyadh Hotel & Residences,Vio.com,OTA,1605.0,1605.0,0.0,SAR,535.0,Upscale,2025-01-25,2025-01-28,3,1626,4.5,4.0-4.5,False,False,,24.785522,46.72788,True
15756839,Hilton Riyadh Hotel & Residences,Vio.com,OTA,1380.0,1380.0,0.0,SAR,345.0,Upscale,2025-01-06,2025-01-10,4,1626,4.5,4.0-4.5,False,False,,24.785522,46.72788,True
15756839,Hilton Riyadh Hotel & Residences,Vio.com,OTA,1638.75,1638.75,0.0,SAR,327.75,Luxury,2025-01-25,2025-01-30,5,1626,4.5,4.0-4.5,False,False,,24.785522,46.72788,True
15756839,Hilton Riyadh Hotel & Residences,Vio.com,OTA,2092.5,2092.5,0.0,SAR,418.5,Luxury,2025-02-11,2025-02-16,5,1626,4.5,4.0-4.5,False,False,,24.785522,46.72788,True
15756839,Hilton Riyadh Hotel & Residences,Vio.com,OTA,1308.75,1308.75,0.0,SAR,327.19,Upscale,2025-02-13,2025-02-17,4,1626,4.5,4.0-4.5,False,False,,24.785522,46.72788,True
299190,"Holiday Inn Riyadh - Olaya, an IHG hotel",Booking.com,OTA,630.0,630.0,0.0,SAR,630.0,Mid-range,2025-01-02,2025-01-03,1,499,4.0,3.5-4.0,False,False,,24.680237,46.690372,True
299190,"Holiday Inn Riyadh - Olaya, an IHG hotel",Booking.com,OTA,682.5,682.5,0.0,SAR,136.5,Mid-range,2025-01-29,2025-02-03,5,499,4.0,3.5-4.0,False,False,,24.680237,46.690372,True
299190,"Holiday Inn Riyadh - Olaya, an IHG hotel",Booking.com,OTA,615.0,581.25,33.75,SAR,307.5,Mid-range,2024-12-23,2024-12-25,2,499,4.0,3.5-4.0,False,False,,24.680237,46.690372,True
299190,"Holiday Inn Riyadh - Olaya, an IHG hotel",Booking.com,OTA,750.0,750.0,0.0,SAR,250.0,Mid-range,2025-01-25,2025-01-28,3,499,4.0,3.5-4.0,False,False,,24.680237,46.690372,True
299190,"Holiday Inn Riyadh - Olaya, an IHG hotel",Booking.com,OTA,648.75,648.75,0.0,SAR,324.38,Mid-range,2025-01-05,2025-01-07,2,499,4.0,3.5-4.0,False,False,,24.680237,46.690372,True
299190,"Holiday Inn Riyadh - Olaya, an IHG hotel",Booking.com,OTA,675.0,675.0,0.0,SAR,168.75,Mid-range,2025-01-17,2025-01-21,4,499,4.0,3.5-4.0,False,False,,24.680237,46.690372,True
299190,"Holiday Inn Riyadh - Olaya, an IHG hotel",Booking.com,OTA,701.25,573.75,127.5,SAR,233.75,Mid-range,2025-01-10,2025-01-13,3,499,4.0,3.5-4.0,False,False,,24.680237,46.690372,True
299190,"Holiday Inn Riyadh - Olaya, an IHG hotel",Booking.com,OTA,697.5,697.5,0.0,SAR,348.75,Mid-range,2025-01-25,2025-01-27,2,499,4.0,3.5-4.0,False,False,,24.680237,46.690372,True
299190,"Holiday Inn Riyadh - Olaya, an IHG hotel",Booking.com,OTA,637.5,637.5,0.0,SAR,159.38,Mid-range,2025-01-06,2025-01-10,4,499,4.0,3.5-4.0,False,False,,24.680237,46.690372,True
299190,"Holiday Inn Riyadh - Olaya, an IHG hotel",Booking.com,OTA,832.5,791.25,41.25,SAR,416.25,Upscale,2025-02-10,2025-02-12,2,499,4.0,3.5-4.0,False,False,,24.680237,46.690372,True
299190,"Holiday Inn Riyadh - Olaya, an IHG hotel",Booking.com,OTA,757.5,757.5,0.0,SAR,378.75,Mid-range,2025-02-16,2025-02-18,2,499,4.0,3.5-4.0,False,False,,24.680237,46.690372,True
299190,"Holiday Inn Riyadh - Olaya, an IHG hotel",Booking.com,OTA,648.75,648.75,0.0,SAR,216.25,Mid-range,2025-01-15,2025-01-18,3,499,4.0,3.5-4.0,False,False,,24.680237,46.690372,True
299190,"Holiday Inn Riyadh - Olaya, an IHG hotel",Booking.com,OTA,828.75,828.75,0.0,SAR,414.38,Upscale,2025-02-02,2025-02-04,2,499,4.0,3.5-4.0,False,False,,24.680237,46.690372,True
299190,"Holiday Inn Riyadh - Olaya, an IHG hotel",Booking.com,OTA,791.25,791.25,0.0,SAR,791.25,Mid-range,2025-02-05,2025-02-06,1,499,4.0,3.5-4.0,False,False,,24.680237,46.690372,True
299190,"Holiday Inn Riyadh - Olaya, an IHG hotel",Booking.com,OTA,757.5,757.5,0.0,SAR,151.5,Mid-range,2025-01-25,2025-01-30,5,499,4.0,3.5-4.0,False,False,,24.680237,46.690372,True
299190,"Holiday Inn Riyadh - Olaya, an IHG hotel",Booking.com,OTA,693.75,693.75,0.0,SAR,138.75,Mid-range,2025-01-18,2025-01-23,5,499,4.0,3.5-4.0,False,False,,24.680237,46.690372,True
299190,"Holiday Inn Riyadh - Olaya, an IHG hotel",Booking.com,OTA,611.25,611.25,0.0,SAR,152.81,Mid-range,2024-12-28,2025-01-01,4,499,4.0,3.5-4.0,False,False,,24.680237,46.690372,True
299190,"Holiday Inn Riyadh - Olaya, an IHG hotel",Booking.com,OTA,660.0,660.0,0.0,SAR,132.0,Mid-range,2025-02-09,2025-02-14,5,499,4.0,3.5-4.0,False,False,,24.680237,46.690372,True
299190,"Holiday Inn Riyadh - Olaya, an IHG hotel",Booking.com,OTA,592.5,487.5,105.0,SAR,592.5,Mid-range,2024-12-20,2024-12-21,1,499,4.0,3.5-4.0,False,False,,24.680237,46.690372,True
299190,"Holiday Inn Riyadh - Olaya, an IHG hotel",Booking.com,OTA,630.0,630.0,0.0,SAR,630.0,Mid-range,2025-01-04,2025-01-05,1,499,4.0,3.5-4.0,False,False,,24.680237,46.690372,True
299190,"Holiday Inn Riyadh - Olaya, an IHG hotel",Booking.com,OTA,600.0,600.0,0.0,SAR,120.0,Mid-range,2025-02-11,2025-02-16,5,499,4.0,3.5-4.0,False,False,,24.680237,46.690372,True
299190,"Holiday Inn Riyadh - Olaya, an IHG hotel",Booking.com,OTA,645.0,581.25,63.75,SAR,161.25,Mid-range,2024-12-22,2024-12-26,4,499,4.0,3.5-4.0,False,False,,24.680237,46.690372,True
299190,"Holiday Inn Riyadh - Olaya, an IHG hotel",Booking.com,OTA,855.0,855.0,0.0,SAR,855.0,Upscale,2025-02-09,2025-02-10,1,499,4.0,3.5-4.0,False,False,,24.680237,46.690372,True
299190,"Holiday Inn Riyadh - Olaya, an IHG hotel",Booking.com,OTA,626.25,547.5,78.75,SAR,313.12,Mid-range,2025-01-03,2025-01-05,2,499,4.0,3.5-4.0,False,False,,24.680237,46.690372,True
299190,"Holiday Inn Riyadh - Olaya, an IHG hotel",Booking.com,OTA,678.75,678.75,0.0,SAR,169.69,Mid-range,2025-01-20,2025-01-24,4,499,4.0,3.5-4.0,False,False,,24.680237,46.690372,True
299190,"Holiday Inn Riyadh - Olaya, an IHG hotel",Booking.com,OTA,630.0,630.0,0.0,SAR,157.5,Mid-range,2025-02-13,2025-02-17,4,499,4.0,3.5-4.0,False,False,,24.680237,46.690372,True
299190,"Holiday Inn Riyadh - Olaya, an IHG hotel",Booking.com,OTA,656.25,656.25,0.0,SAR,218.75,Mid-range,2025-01-21,2025-01-24,3,499,4.0,3.5-4.0,False,False,,24.680237,46.690372,True
299190,"Holiday Inn Riyadh - Olaya, an IHG hotel",Booking.com,OTA,873.75,798.75,75.0,SAR,218.44,Upscale,2025-01-13,2025-01-17,4,499,4.0,3.5-4.0,False,False,,24.680237,46.690372,True
299190,"Holiday Inn Riyadh - Olaya, an IHG hotel",Booking.com,OTA,757.5,757.5,0.0,SAR,189.38,Mid-range,2025-01-25,2025-01-29,4,499,4.0,3.5-4.0,False,False,,24.680237,46.690372,True
969150,"Holiday Inn Riyadh - al Qasr, an IHG hotel",Booking.com,OTA,633.75,633.75,0.0,SAR,633.75,Mid-range,2025-01-02,2025-01-03,1,1073,4.5,4.0-4.5,False,False,,24.683914,46.68803,True
969150,"Holiday Inn Riyadh - al Qasr, an IHG hotel",Booking.com,OTA,705.0,637.5,67.5,SAR,352.5,Mid-range,2024-12-23,2024-12-25,2,1073,4.5,4.0-4.5,False,False,,24.683914,46.68803,True
969150,"Holiday Inn Riyadh - al Qasr, an IHG hotel",Booking.com,OTA,885.0,885.0,0.0,SAR,295.0,Upscale,2025-01-25,2025-01-28,3,1073,4.5,4.0-4.5,False,False,,24.683914,46.68803,True
969150,"Holiday Inn Riyadh - al Qasr, an IHG hotel",Booking.com,OTA,716.25,716.25,0.0,SAR,358.12,Mid-range,2025-01-05,2025-01-07,2,1073,4.5,4.0-4.5,False,False,,24.683914,46.68803,True
969150,"Holiday Inn Riyadh - al Qasr, an IHG hotel",Booking.com,OTA,866.25,866.25,0.0,SAR,216.56,Upscale,2025-01-17,2025-01-21,4,1073,4.5,4.0-4.5,False,False,,24.683914,46.68803,True
969150,"Holiday Inn Riyadh - al Qasr, an IHG hotel",Booking.com,OTA,735.0,735.0,0.0,SAR,245.0,Mid-range,2025-01-10,2025-01-13,3,1073,4.5,4.0-4.5,False,False,,24.683914,46.68803,True
969150,"Holiday Inn Riyadh - al Qasr, an IHG hotel",Booking.com,OTA,843.75,843.75,0.0,SAR,421.88,Upscale,2025-01-25,2025-01-27,2,1073,4.5,4.0-4.5,False,False,,24.683914,46.68803,True
969150,"Holiday Inn Riyadh - al Qasr, an IHG hotel",Booking.com,OTA,735.0,735.0,0.0,SAR,183.75,Mid-range,2025-01-06,2025-01-10,4,1073,4.5,4.0-4.5,False,False,,24.683914,46.68803,True
969150,"Holiday Inn Riyadh - al Qasr, an IHG hotel",Booking.com,OTA,1507.5,1507.5,0.0,SAR,753.75,Upscale,2025-02-10,2025-02-12,2,1073,4.5,4.0-4.5,False,False,,24.683914,46.68803,True
969150,"Holiday Inn Riyadh - al Qasr, an IHG hotel",Booking.com,OTA,1147.5,1147.5,0.0,SAR,573.75,Upscale,2025-02-16,2025-02-18,2,1073,4.5,4.0-4.5,False,False,,24.683914,46.68803,True
969150,"Holiday Inn Riyadh - al Qasr, an IHG hotel",Booking.com,OTA,806.25,806.25,0.0,SAR,268.75,Mid-range,2025-01-15,2025-01-18,3,1073,4.5,4.0-4.5,False,False,,24.683914,46.68803,True
969150,"Holiday Inn Riyadh - al Qasr, an IHG hotel",Booking.com,OTA,982.5,982.5,0.0,SAR,491.25,Upscale,2025-02-02,2025-02-04,2,1073,4.5,4.0-4.5,False,False,,24.683914,46.68803,True
969150,"Holiday Inn Riyadh - al Qasr, an IHG hotel",Booking.com,OTA,993.75,993.75,0.0,SAR,993.75,Upscale,2025-02-05,2025-02-06,1,1073,4.5,4.0-4.5,False,False,,24.683914,46.68803,True
969150,"Holiday Inn Riyadh - al Qasr, an IHG hotel",Booking.com,OTA,573.75,573.75,0.0,SAR,143.44,Budget,2024-12-28,2025-01-01,4,1073,4.5,4.0-4.5,False,False,,24.683914,46.68803,True
969150,"Holiday Inn Riyadh - al Qasr, an IHG hotel",Booking.com,OTA,641.25,630.0,11.25,SAR,160.31,Mid-range,2024-12-22,2024-12-26,4,1073,4.5,4.0-4.5,False,False,,24.683914,46.68803,True
969150,"Holiday Inn Riyadh - al Qasr, an IHG hotel",Booking.com,OTA,1507.5,1507.5,0.0,SAR,1507.5,Upscale,2025-02-09,2025-02-10,1,1073,4.5,4.0-4.5,False,False,,24.683914,46.68803,True
969150,"Holiday Inn Riyadh - al Qasr, an IHG hotel",Booking.com,OTA,603.75,603.75,0.0,SAR,301.88,Mid-range,2025-01-03,2025-01-05,2,1073,4.5,4.0-4.5,False,False,,24.683914,46.68803,True
969150,"Holiday Inn Riyadh - al Qasr, an IHG hotel",Booking.com,OTA,1237.5,997.5,240.0,SAR,309.38,Upscale,2025-01-20,2025-01-24,4,1073,4.5,4.0-4.5,False,False,,24.683914,46.68803,True
969150,"Holiday Inn Riyadh - al Qasr, an IHG hotel",Booking.com,OTA,858.75,858.75,0.0,SAR,214.69,Upscale,2025-02-13,2025-02-17,4,1073,4.5,4.0-4.5,False,False,,24.683914,46.68803,True
969150,"Holiday Inn Riyadh - al Qasr, an IHG hotel",Booking.com,OTA,1286.25,1286.25,0.0,SAR,428.75,Upscale,2025-01-21,2025-01-24,3,1073,4.5,4.0-4.5,False,False,,24.683914,46.68803,True
969150,"Holiday Inn Riyadh - al Qasr, an IHG hotel",Booking.com,OTA,952.5,843.75,108.75,SAR,238.12,Upscale,2025-01-13,2025-01-17,4,1073,4.5,4.0-4.5,False,False,,24.683914,46.68803,True
969150,"Holiday Inn Riyadh - al Qasr, an IHG hotel",Booking.com,OTA,1087.5,1087.5,0.0,SAR,1087.5,Upscale,2025-02-17,2025-02-18,1,1073,4.5,4.0-4.5,False,False,,24.683914,46.68803,True
969150,"Holiday Inn Riyadh - al Qasr, an IHG hotel",Booking.com,OTA,907.5,847.5,60.0,SAR,226.88,Upscale,2025-01-25,2025-01-29,4,1073,4.5,4.0-4.5,False,False,,24.683914,46.68803,True
969150,"Holiday Inn Riyadh - al Qasr, an IHG hotel",MakeMyTrip,OTA,603.75,600.0,3.75,SAR,603.75,Mid-range,2025-01-04,2025-01-05,1,1073,4.5,4.0-4.5,False,False,,24.683914,46.68803,True
969150,"Holiday Inn Riyadh - al Qasr, an IHG hotel",Prestigia.com,OTA,948.75,825.0,123.75,SAR,189.75,Upscale,2025-01-29,2025-02-03,5,1073,4.5,4.0-4.5,False,False,,24.683914,46.68803,True
969150,"Holiday Inn Riyadh - al Qasr, an IHG hotel",Prestigia.com,OTA,1057.5,918.75,138.75,SAR,211.5,Upscale,2025-01-25,2025-01-30,5,1073,4.5,4.0-4.5,False,False,,24.683914,46.68803,True
969150,"Holiday Inn Riyadh - al Qasr, an IHG hotel",Prestigia.com,OTA,1203.75,1042.5,161.25,SAR,240.75,Upscale,2025-01-18,2025-01-23,5,1073,4.5,4.0-4.5,False,False,,24.683914,46.68803,True
969150,"Holiday Inn Riyadh - al Qasr, an IHG hotel",Prestigia.com,OTA,1571.25,1365.0,206.25,SAR,314.25,Upscale,2025-02-09,2025-02-14,5,1073,4.5,4.0-4.5,False,False,,24.683914,46.68803,True
969150,"Holiday Inn Riyadh - al Qasr, an IHG hotel",Prestigia.com,OTA,1211.25,1050.0,161.25,SAR,242.25,Upscale,2025-02-11,2025-02-16,5,1073,4.5,4.0-4.5,False,False,,24.683914,46.68803,True
14182161,Hyatt Place Riyadh Al Sulaimania,Booking.com,OTA,663.75,663.75,0.0,SAR,331.88,Mid-range,2024-12-23,2024-12-25,2,264,4.5,4.0-4.5,True,True,"Free breakfast available | Free cancellation • Reserve now, pay at stay",,,False
14182161,Hyatt Place Riyadh Al Sulaimania,Hyatt.com,Direct / Brand,2163.75,2062.5,101.25,SAR,1081.88,Luxury,2025-02-10,2025-02-12,2,264,4.5,4.0-4.5,True,True,Free breakfast available | Free cancellation,,,False
14182161,Hyatt Place Riyadh Al Sulaimania,Hyatt.com,Direct / Brand,1635.0,1511.25,123.75,SAR,327.0,Luxury,2025-02-09,2025-02-14,5,264,4.5,4.0-4.5,True,True,Free breakfast available | Free cancellation,,,False
14182161,Hyatt Place Riyadh Al Sulaimania,Hyatt.com,Direct / Brand,603.75,581.25,22.5,SAR,603.75,Mid-range,2024-12-20,2024-12-21,1,264,4.5,4.0-4.5,False,False,,,,False
14182161,Hyatt Place Riyadh Al Sulaimania,Hyatt.com,Direct / Brand,1158.75,1072.5,86.25,SAR,231.75,Upscale,2025-02-11,2025-02-16,5,264,4.5,4.0-4.5,True,True,Free breakfast available | Free cancellation,,,False
14182161,Hyatt Place Riyadh Al Sulaimania,Hyatt.com,Direct / Brand,1560.0,1481.25,78.75,SAR,1560.0,Upscale,2025-02-09,2025-02-10,1,264,4.5,4.0-4.5,True,True,Free breakfast available | Free cancellation,,,False
11667441,Hyatt Regency Riyadh Olaya,Hyatt.com,Direct / Brand,3532.5,3168.75,363.75,SAR,1766.25,Luxury,2025-02-10,2025-02-12,2,742,4.5,4.0-4.5,False,False,,24.698381,46.682392,True
299191,"InterContinental Riyadh, an IHG hotel",Booking.com,OTA,761.25,716.25,45.0,SAR,380.62,Mid-range,2024-12-23,2024-12-25,2,957,4.5,4.0-4.5,False,False,,24.666677,46.692158,True
299191,"InterContinental Riyadh, an IHG hotel",Booking.com,OTA,1473.75,1443.75,30.0,SAR,491.25,Upscale,2025-01-25,2025-01-28,3,957,4.5,4.0-4.5,False,False,,24.666677,46.692158,True
299191,"InterContinental Riyadh, an IHG hotel",Booking.com,OTA,1110.0,1087.5,22.5,SAR,555.0,Upscale,2025-01-05,2025-01-07,2,957,4.5,4.0-4.5,False,False,,24.666677,46.692158,True
299191,"InterContinental Riyadh, an IHG hotel",Booking.com,OTA,1402.5,1350.0,52.5,SAR,350.62,Upscale,2025-01-17,2025-01-21,4,957,4.5,4.0-4.5,False,False,,24.666677,46.692158,True
299191,"InterContinental Riyadh, an IHG hotel",Booking.com,OTA,1241.25,1241.25,0.0,SAR,413.75,Upscale,2025-01-10,2025-01-13,3,957,4.5,4.0-4.5,False,False,,24.666677,46.692158,True
299191,"InterContinental Riyadh, an IHG hotel",Booking.com,OTA,1245.0,1215.0,30.0,SAR,622.5,Upscale,2025-01-25,2025-01-27,2,957,4.5,4.0-4.5,False,False,,24.666677,46.692158,True
299191,"InterContinental Riyadh, an IHG hotel",Booking.com,OTA,1230.0,1155.0,75.0,SAR,307.5,Upscale,2025-01-06,2025-01-10,4,957,4.5,4.0-4.5,False,False,,24.666677,46.692158,True
299191,"InterContinental Riyadh, an IHG hotel",Booking.com,OTA,2696.25,2640.0,56.25,SAR,1348.12,Luxury,2025-02-10,2025-02-12,2,957,4.5,4.0-4.5,False,False,,24.666677,46.692158,True
299191,"InterContinental Riyadh, an IHG hotel",Booking.com,OTA,1961.25,1920.0,41.25,SAR,980.62,Luxury,2025-02-16,2025-02-18,2,957,4.5,4.0-4.5,False,False,,24.666677,46.692158,True
299191,"InterContinental Riyadh, an IHG hotel",Booking.com,OTA,1901.25,1901.25,0.0,SAR,633.75,Luxury,2025-01-15,2025-01-18,3,957,4.5,4.0-4.5,False,False,,24.666677,46.692158,True
299191,"InterContinental Riyadh, an IHG hotel",Booking.com,OTA,1691.25,1653.75,37.5,SAR,845.62,Luxury,2025-02-02,2025-02-04,2,957,4.5,4.0-4.5,False,False,,24.666677,46.692158,True
299191,"InterContinental Riyadh, an IHG hotel",Booking.com,OTA,1995.0,1728.75,266.25,SAR,1995.0,Luxury,2025-02-05,2025-02-06,1,957,4.5,4.0-4.5,False,False,,24.666677,46.692158,True
299191,"InterContinental Riyadh, an IHG hotel",Booking.com,OTA,776.25,753.75,22.5,SAR,194.06,Mid-range,2024-12-28,2025-01-01,4,957,4.5,4.0-4.5,False,False,,24.666677,46.692158,True
299191,"InterContinental Riyadh, an IHG hotel",Booking.com,OTA,1128.75,1020.0,108.75,SAR,1128.75,Upscale,2024-12-20,2024-12-21,1,957,4.5,4.0-4.5,False,False,,24.666677,46.692158,True
299191,"InterContinental Riyadh, an IHG hotel",Booking.com,OTA,765.0,738.75,26.25,SAR,191.25,Mid-range,2024-12-22,2024-12-26,4,957,4.5,4.0-4.5,False,False,,24.666677,46.692158,True
299191,"InterContinental Riyadh, an IHG hotel",Booking.com,OTA,1717.5,1717.5,0.0,SAR,1717.5,Luxury,2025-02-09,2025-02-10,1,957,4.5,4.0-4.5,False,False,,24.666677,46.692158,True
299191,"InterContinental Riyadh, an IHG hotel",Booking.com,OTA,1042.5,1012.5,30.0,SAR,521.25,Upscale,2025-01-03,2025-01-05,2,957,4.5,4.0-4.5,False,False,,24.666677,46.692158,True
299191,"InterContinental Riyadh, an IHG hotel",Booking.com,OTA,1653.75,1590.0,63.75,SAR,413.44,Luxury,2025-01-20,2025-01-24,4,957,4.5,4.0-4.5,False,False,,24.666677,46.692158,True
299191,"InterContinental Riyadh, an IHG hotel",Booking.com,OTA,1575.0,1541.25,33.75,SAR,393.75,Upscale,2025-02-13,2025-02-17,4,957,4.5,4.0-4.5,False,False,,24.666677,46.692158,True
299191,"InterContinental Riyadh, an IHG hotel",Booking.com,OTA,1533.75,1533.75,0.0,SAR,511.25,Upscale,2025-01-21,2025-01-24,3,957,4.5,4.0-4.5,False,False,,24.666677,46.692158,True
299191,"InterContinental Riyadh, an IHG hotel",Booking.com,OTA,2842.5,2842.5,0.0,SAR,710.62,Luxury,2025-01-13,2025-01-17,4,957,4.5,4.0-4.5,False,False,,24.666677,46.692158,True
299191,"InterContinental Riyadh, an IHG hotel",Booking.com,OTA,1623.75,1590.0,33.75,SAR,405.94,Luxury,2025-01-25,2025-01-29,4,957,4.5,4.0-4.5,False,False,,24.666677,46.692158,True
299191,"InterContinental Riyadh, an IHG hotel",MakeMyTrip,OTA,915.0,915.0,0.0,SAR,915.0,Upscale,2025-01-02,2025-01-03,1,957,4.5,4.0-4.5,False,False,,24.666677,46.692158,True
299191,"InterContinental Riyadh, an IHG hotel",Prestigia.com,OTA,1477.5,1218.75,258.75,SAR,295.5,Upscale,2025-01-29,2025-02-03,5,957,4.5,4.0-4.5,False,False,,24.666677,46.692158,True
299191,"InterContinental Riyadh, an IHG hotel",Prestigia.com,OTA,1991.25,1605.0,386.25,SAR,398.25,Luxury,2025-01-25,2025-01-30,5,957,4.5,4.0-4.5,False,False,,24.666677,46.692158,True
299191,"InterContinental Riyadh, an IHG hotel",Prestigia.com,OTA,1983.75,1582.5,401.25,SAR,396.75,Luxury,2025-01-18,2025-01-23,5,957,4.5,4.0-4.5,False,False,,24.666677,46.692158,True
299191,"InterContinental Riyadh, an IHG hotel",Prestigia.com,OTA,2925.0,2407.5,517.5,SAR,585.0,Luxury,2025-02-09,2025-02-14,5,957,4.5,4.0-4.5,False,False,,24.666677,46.692158,True
299191,"InterContinental Riyadh, an IHG hotel",Prestigia.com,OTA,2268.75,1830.0,438.75,SAR,453.75,Luxury,2025-02-11,2025-02-16,5,957,4.5,4.0-4.5,False,False,,24.666677,46.692158,True
15368089,IntercityHotel Riyadh Malaz,Booking.com,OTA,1050.0,903.75,146.25,SAR,210.0,Upscale,2025-01-29,2025-02-03,5,14,4.0,3.5-4.0,False,False,,,,False
15368089,IntercityHotel Riyadh Malaz,Booking.com,OTA,472.5,393.75,78.75,SAR,236.25,Budget,2024-12-23,2024-12-25,2,14,4.0,3.5-4.0,False,False,,,,False
15368089,IntercityHotel Riyadh Malaz,Booking.com,OTA,1181.25,1016.25,165.0,SAR,393.75,Upscale,2025-01-25,2025-01-28,3,14,4.0,3.5-4.0,False,False,,,,False
15368089,IntercityHotel Riyadh Malaz,Booking.com,OTA,637.5,543.75,93.75,SAR,318.75,Mid-range,2025-01-05,2025-01-07,2,14,4.0,3.5-4.0,False,False,,,,False
15368089,IntercityHotel Riyadh Malaz,Booking.com,OTA,990.0,918.75,71.25,SAR,247.5,Upscale,2025-01-17,2025-01-21,4,14,4.0,3.5-4.0,False,False,,,,False
15368089,IntercityHotel Riyadh Malaz,Booking.com,OTA,641.25,588.75,52.5,SAR,213.75,Mid-range,2025-01-10,2025-01-13,3,14,4.0,3.5-4.0,False,False,,,,False
15368089,IntercityHotel Riyadh Malaz,Booking.com,OTA,1001.25,907.5,93.75,SAR,500.62,Upscale,2025-01-25,2025-01-27,2,14,4.0,3.5-4.0,False,False,,,,False
15368089,IntercityHotel Riyadh Malaz,Booking.com,OTA,562.5,543.75,18.75,SAR,140.62,Budget,2025-01-06,2025-01-10,4,14,4.0,3.5-4.0,False,False,,,,False
15368089,IntercityHotel Riyadh Malaz,Booking.com,OTA,1845.0,1530.0,315.0,SAR,922.5,Luxury,2025-02-10,2025-02-12,2,14,4.0,3.5-4.0,False,False,,,,False
15368089,IntercityHotel Riyadh Malaz,Booking.com,OTA,2051.25,1530.0,521.25,SAR,1025.62,Luxury,2025-02-16,2025-02-18,2,14,4.0,3.5-4.0,False,False,,,,False
15368089,IntercityHotel Riyadh Malaz,Booking.com,OTA,536.25,457.5,78.75,SAR,178.75,Budget,2025-01-15,2025-01-18,3,14,4.0,3.5-4.0,False,False,,,,False
15368089,IntercityHotel Riyadh Malaz,Booking.com,OTA,1845.0,1425.0,420.0,SAR,922.5,Luxury,2025-02-02,2025-02-04,2,14,4.0,3.5-4.0,False,False,,,,False
15368089,IntercityHotel Riyadh Malaz,Booking.com,OTA,1845.0,1676.25,168.75,SAR,1845.0,Luxury,2025-02-05,2025-02-06,1,14,4.0,3.5-4.0,False,False,,,,False
15368089,IntercityHotel Riyadh Malaz,Booking.com,OTA,1323.75,1188.75,135.0,SAR,264.75,Upscale,2025-01-25,2025-01-30,5,14,4.0,3.5-4.0,False,False,,,,False
15368089,IntercityHotel Riyadh Malaz,Booking.com,OTA,1320.0,1222.5,97.5,SAR,264.0,Upscale,2025-01-18,2025-01-23,5,14,4.0,3.5-4.0,False,False,,,,False
15368089,IntercityHotel Riyadh Malaz,Booking.com,OTA,562.5,408.75,153.75,SAR,140.62,Budget,2024-12-28,2025-01-01,4,14,4.0,3.5-4.0,False,False,,,,False
15368089,IntercityHotel Riyadh Malaz,Booking.com,OTA,1526.25,1398.75,127.5,SAR,305.25,Upscale,2025-02-09,2025-02-14,5,14,4.0,3.5-4.0,False,False,,,,False
15368089,IntercityHotel Riyadh Malaz,Booking.com,OTA,431.25,386.25,45.0,SAR,431.25,Budget,2024-12-20,2024-12-21,1,14,4.0,3.5-4.0,False,False,,,,False
15368089,IntercityHotel Riyadh Malaz,Booking.com,OTA,1312.5,1192.5,120.0,SAR,262.5,Upscale,2025-02-11,2025-02-16,5,14,4.0,3.5-4.0,False,False,,,,False
15368089,IntercityHotel Riyadh Malaz,Booking.com,OTA,438.75,408.75,30.0,SAR,109.69,Budget,2024-12-22,2024-12-26,4,14,4.0,3.5-4.0,False,False,,,,False
15368089,IntercityHotel Riyadh Malaz,Booking.com,OTA,1845.0,1743.75,101.25,SAR,1845.0,Luxury,2025-02-09,2025-02-10,1,14,4.0,3.5-4.0,False,False,,,,False
15368089,IntercityHotel Riyadh Malaz,Booking.com,OTA,1275.0,1098.75,176.25,SAR,318.75,Upscale,2025-01-20,2025-01-24,4,14,4.0,3.5-4.0,False,False,,,,False
15368089,IntercityHotel Riyadh Malaz,Booking.com,OTA,1230.0,1057.5,172.5,SAR,307.5,Upscale,2025-02-13,2025-02-17,4,14,4.0,3.5-4.0,False,False,,,,False
15368089,IntercityHotel Riyadh Malaz,Booking.com,OTA,1188.75,1102.5,86.25,SAR,396.25,Upscale,2025-01-21,2025-01-24,3,14,4.0,3.5-4.0,False,False,,,,False
15368089,IntercityHotel Riyadh Malaz,Booking.com,OTA,652.5,645.0,7.5,SAR,163.12,Mid-range,2025-01-13,2025-01-17,4,14,4.0,3.5-4.0,False,False,,,,False
15368089,IntercityHotel Riyadh Malaz,Booking.com,OTA,2051.25,1676.25,375.0,SAR,2051.25,Luxury,2025-02-17,2025-02-18,1,14,4.0,3.5-4.0,False,False,,,,False
15368089,IntercityHotel Riyadh Malaz,Booking.com,OTA,1271.25,1095.0,176.25,SAR,317.81,Upscale,2025-01-25,2025-01-29,4,14,4.0,3.5-4.0,False,False,,,,False
15368089,IntercityHotel Riyadh Malaz,MakeMyTrip,OTA,442.5,442.5,0.0,SAR,442.5,Budget,2025-01-02,2025-01-03,1,14,4.0,3.5-4.0,False,False,,,,False
15368089,IntercityHotel Riyadh Malaz,MakeMyTrip,OTA,465.0,465.0,0.0,SAR,465.0,Budget,2025-01-04,2025-01-05,1,14,4.0,3.5-4.0,False,False,,,,False
3437636,Intour Qurtoba Hotel Suites,Booking.com,OTA,390.0,390.0,0.0,SAR,195.0,Budget,2024-12-23,2024-12-25,2,5,3.5,3.0-3.5,False,False,,,,False
6164000,JW Marriott Hotel Riyadh,JW Marriott,Direct / Brand,1995.0,1995.0,0.0,SAR,665.0,Luxury,2025-01-25,2025-01-28,3,669,4.5,4.0-4.5,False,False,,,,False
6164000,JW Marriott Hotel Riyadh,JW Marriott,Direct / Brand,1882.5,1882.5,0.0,SAR,941.25,Luxury,2025-01-05,2025-01-07,2,669,4.5,4.0-4.5,False,False,,,,False
6164000,JW Marriott Hotel Riyadh,JW Marriott,Direct / Brand,2437.5,2437.5,0.0,SAR,609.38,Luxury,2025-01-17,2025-01-21,4,669,4.5,4.0-4.5,False,False,,,,False
6164000,JW Marriott Hotel Riyadh,JW Marriott,Direct / Brand,1785.0,1785.0,0.0,SAR,595.0,Luxury,2025-01-10,2025-01-13,3,669,4.5,4.0-4.5,False,False,,,,False
6164000,JW Marriott Hotel Riyadh,JW Marriott,Direct / Brand,1687.5,1687.5,0.0,SAR,843.75,Luxury,2025-01-25,2025-01-27,2,669,4.5,4.0-4.5,False,False,,,,False
6164000,JW Marriott Hotel Riyadh,JW Marriott,Direct / Brand,3135.0,3135.0,0.0,SAR,1567.5,Luxury,2025-02-10,2025-02-12,2,669,4.5,4.0-4.5,False,False,,,,False
6164000,JW Marriott Hotel Riyadh,JW Marriott,Direct / Brand,2748.75,2748.75,0.0,SAR,1374.38,Luxury,2025-02-16,2025-02-18,2,669,4.5,4.0-4.5,False,False,,,,False
6164000,JW Marriott Hotel Riyadh,JW Marriott,Direct / Brand,2332.5,2332.5,0.0,SAR,777.5,Luxury,2025-01-15,2025-01-18,3,669,4.5,4.0-4.5,False,False,,,,False
6164000,JW Marriott Hotel Riyadh,JW Marriott,Direct / Brand,2748.75,2748.75,0.0,SAR,1374.38,Luxury,2025-02-02,2025-02-04,2,669,4.5,4.0-4.5,False,False,,,,False
6164000,JW Marriott Hotel Riyadh,JW Marriott,Direct / Brand,2430.0,2430.0,0.0,SAR,486.0,Luxury,2025-01-18,2025-01-23,5,669,4.5,4.0-4.5,False,False,,,,False
6164000,JW Marriott Hotel Riyadh,JW Marriott,Direct / Brand,3135.0,3135.0,0.0,SAR,3135.0,Luxury,2025-02-09,2025-02-10,1,669,4.5,4.0-4.5,False,False,,,,False
6164000,JW Marriott Hotel Riyadh,JW Marriott,Direct / Brand,1398.75,1398.75,0.0,SAR,699.38,Upscale,2025-01-03,2025-01-05,2,669,4.5,4.0-4.5,False,False,,,,False
6164000,JW Marriott Hotel Riyadh,JW Marriott,Direct / Brand,2193.75,2193.75,0.0,SAR,548.44,Luxury,2025-01-20,2025-01-24,4,669,4.5,4.0-4.5,False,False,,,,False
6164000,JW Marriott Hotel Riyadh,JW Marriott,Direct / Brand,2025.0,2025.0,0.0,SAR,675.0,Luxury,2025-01-21,2025-01-24,3,669,4.5,4.0-4.5,False,False,,,,False
6164000,JW Marriott Hotel Riyadh,JW Marriott,Direct / Brand,2700.0,2700.0,0.0,SAR,675.0,Luxury,2025-01-13,2025-01-17,4,669,4.5,4.0-4.5,False,False,,,,False
6164000,JW Marriott Hotel Riyadh,JW Marriott,Direct / Brand,2797.5,2797.5,0.0,SAR,2797.5,Luxury,2025-02-17,2025-02-18,1,669,4.5,4.0-4.5,False,False,,,,False
6164000,JW Marriott Hotel Riyadh,JW Marriott,Direct / Brand,2100.0,2100.0,0.0,SAR,525.0,Luxury,2025-01-25,2025-01-29,4,669,4.5,4.0-4.5,False,False,,,,False
24143026,Joudyan Hotel,Booking.com,OTA,735.0,637.5,97.5,SAR,147.0,Mid-range,2025-01-29,2025-02-03,5,317,5.0,4.5-5.0,True,True,Free breakfast available | Free cancellation,24.713552,46.675297,True
24143026,Joudyan Hotel,Booking.com,OTA,633.75,543.75,90.0,SAR,316.88,Mid-range,2024-12-23,2024-12-25,2,317,5.0,4.5-5.0,True,True,Free breakfast available | Free cancellation,24.713552,46.675297,True
24143026,Joudyan Hotel,Booking.com,OTA,780.0,671.25,108.75,SAR,260.0,Mid-range,2025-01-25,2025-01-28,3,317,5.0,4.5-5.0,True,True,Free breakfast available | Free cancellation,24.713552,46.675297,True
24143026,Joudyan Hotel,Booking.com,OTA,705.0,607.5,97.5,SAR,352.5,Mid-range,2025-01-05,2025-01-07,2,317,5.0,4.5-5.0,True,True,Free breakfast available | Free cancellation,24.713552,46.675297,True
24143026,Joudyan Hotel,Booking.com,OTA,735.0,641.25,93.75,SAR,183.75,Mid-range,2025-01-17,2025-01-21,4,317,5.0,4.5-5.0,True,True,Free breakfast available | Free cancellation,24.713552,46.675297,True
24143026,Joudyan Hotel,Booking.com,OTA,690.0,603.75,86.25,SAR,230.0,Mid-range,2025-01-10,2025-01-13,3,317,5.0,4.5-5.0,True,True,Free breakfast available | Free cancellation,24.713552,46.675297,True
24143026,Joudyan Hotel,Booking.com,OTA,735.0,633.75,101.25,SAR,367.5,Mid-range,2025-01-25,2025-01-27,2,317,5.0,4.5-5.0,True,True,Free breakfast available | Free cancellation,24.713552,46.675297,True
24143026,Joudyan Hotel,Booking.com,OTA,678.75,585.0,93.75,SAR,169.69,Mid-range,2025-01-06,2025-01-10,4,317,5.0,4.5-5.0,True,True,Free breakfast available | Free cancellation,24.713552,46.675297,True
24143026,Joudyan Hotel,Booking.com,OTA,963.75,832.5,131.25,SAR,481.88,Upscale,2025-02-10,2025-02-12,2,317,5.0,4.5-5.0,True,True,Free breakfast available | Free cancellation,24.713552,46.675297,True
24143026,Joudyan Hotel,Booking.com,OTA,963.75,832.5,131.25,SAR,481.88,Upscale,2025-02-16,2025-02-18,2,317,5.0,4.5-5.0,True,True,Free breakfast available | Free cancellation,24.713552,46.675297,True
24143026,Joudyan Hotel,Booking.com,OTA,690.0,592.5,97.5,SAR,230.0,Mid-range,2025-01-15,2025-01-18,3,317,5.0,4.5-5.0,True,True,Free breakfast available | Free cancellation,24.713552,46.675297,True
24143026,Joudyan Hotel,Booking.com,OTA,963.75,832.5,131.25,SAR,481.88,Upscale,2025-02-02,2025-02-04,2,317,5.0,4.5-5.0,True,True,Free breakfast available | Free cancellation,24.713552,46.675297,True
24143026,Joudyan Hotel,Booking.com,OTA,963.75,840.0,123.75,SAR,963.75,Upscale,2025-02-05,2025-02-06,1,317,5.0,4.5-5.0,True,True,Free breakfast available | Free cancellation,24.713552,46.675297,True
24143026,Joudyan Hotel,Booking.com,OTA,813.75,708.75,105.0,SAR,162.75,Mid-range,2025-01-25,2025-01-30,5,317,5.0,4.5-5.0,True,True,Free breakfast available | Free cancellation,24.713552,46.675297,True
24143026,Joudyan Hotel,Booking.com,OTA,813.75,712.5,101.25,SAR,162.75,Mid-range,2025-01-18,2025-01-23,5,317,5.0,4.5-5.0,True,True,Free breakfast available | Free cancellation,24.713552,46.675297,True
24143026,Joudyan Hotel,Booking.com,OTA,611.25,525.0,86.25,SAR,152.81,Mid-range,2024-12-28,2025-01-01,4,317,5.0,4.5-5.0,True,True,Free breakfast available | Free cancellation,24.713552,46.675297,True
24143026,Joudyan Hotel,Booking.com,OTA,903.75,783.75,120.0,SAR,180.75,Upscale,2025-02-09,2025-02-14,5,317,5.0,4.5-5.0,True,True,Free breakfast available | Free cancellation,24.713552,46.675297,True
24143026,Joudyan Hotel,Booking.com,OTA,543.75,476.25,67.5,SAR,543.75,Budget,2024-12-20,2024-12-21,1,317,5.0,4.5-5.0,False,False,,24.713552,46.675297,True
24143026,Joudyan Hotel,Booking.com,OTA,776.25,671.25,105.0,SAR,155.25,Mid-range,2025-02-11,2025-02-16,5,317,5.0,4.5-5.0,True,True,Free breakfast available | Free cancellation,24.713552,46.675297,True
24143026,Joudyan Hotel,Booking.com,OTA,633.75,543.75,90.0,SAR,158.44,Mid-range,2024-12-22,2024-12-26,4,317,5.0,4.5-5.0,True,True,Free breakfast available | Free cancellation,24.713552,46.675297,True
24143026,Joudyan Hotel,Booking.com,OTA,963.75,840.0,123.75,SAR,963.75,Upscale,2025-02-09,2025-02-10,1,317,5.0,4.5-5.0,True,True,Free breakfast available | Free cancellation,24.713552,46.675297,True
24143026,Joudyan Hotel,Booking.com,OTA,543.75,472.5,71.25,SAR,271.88,Budget,2025-01-03,2025-01-05,2,317,5.0,4.5-5.0,True,True,Free breakfast available | Free cancellation,24.713552,46.675297,True
24143026,Joudyan Hotel,Booking.com,OTA,802.5,693.75,108.75,SAR,200.62,Mid-range,2025-01-20,2025-01-24,4,317,5.0,4.5-5.0,True,True,Free breakfast available | Free cancellation,24.713552,46.675297,True
24143026,Joudyan Hotel,Booking.com,OTA,731.25,630.0,101.25,SAR,182.81,Mid-range,2025-02-13,2025-02-17,4,317,5.0,4.5-5.0,True,True,Free breakfast available | Free cancellation,24.713552,46.675297,True
24143026,Joudyan Hotel,Booking.com,OTA,780.0,682.5,97.5,SAR,260.0,Mid-range,2025-01-21,2025-01-24,3,317,5.0,4.5-5.0,True,True,Free breakfast available | Free cancellation,24.713552,46.675297,True
24143026,Joudyan Hotel,Booking.com,OTA,802.5,701.25,101.25,SAR,200.62,Mid-range,2025-01-13,2025-01-17,4,317,5.0,4.5-5.0,True,True,Free breakfast available | Free cancellation,24.713552,46.675297,True
24143026,Joudyan Hotel,Booking.com,OTA,802.5,693.75,108.75,SAR,200.62,Mid-range,2025-01-25,2025-01-29,4,317,5.0,4.5-5.0,True,True,Free breakfast available | Free cancellation,24.713552,46.675297,True
24143026,Joudyan Hotel,MakeMyTrip,OTA,588.75,472.5,116.25,SAR,588.75,Budget,2025-01-02,2025-01-03,1,317,5.0,4.5-5.0,True,True,Free breakfast available | Free cancellation,24.713552,46.675297,True
16865982,Le Méridien Riyadh,Booking.com,OTA,2471.25,2471.25,0.0,SAR,823.75,Luxury,2025-01-25,2025-01-28,3,78,4.5,4.0-4.5,True,True,"Free breakfast available | Free cancellation • Reserve now, pay at stay",,,False
16865982,Le Méridien Riyadh,Booking.com,OTA,2351.25,2351.25,0.0,SAR,1175.62,Luxury,2025-02-10,2025-02-12,2,78,4.5,4.0-4.5,True,True,Free breakfast available | Free cancellation,,,False
16865982,Le Méridien Riyadh,Booking.com,OTA,2958.75,2958.75,0.0,SAR,1479.38,Luxury,2025-02-16,2025-02-18,2,78,4.5,4.0-4.5,True,True,"Free breakfast available | Free cancellation • Reserve now, pay at stay",,,False
16865982,Le Méridien Riyadh,Booking.com,OTA,2865.0,2865.0,0.0,SAR,1432.5,Luxury,2025-02-02,2025-02-04,2,78,4.5,4.0-4.5,True,True,"Free breakfast available | Free cancellation • Reserve now, pay at stay",,,False
16865982,Le Méridien Riyadh,Booking.com,OTA,3075.0,3075.0,0.0,SAR,3075.0,Luxury,2025-02-05,2025-02-06,1,78,4.5,4.0-4.5,True,True,"Free breakfast available | Free cancellation • Reserve now, pay at stay",,,False
16865982,Le Méridien Riyadh,Booking.com,OTA,2955.0,2955.0,0.0,SAR,591.0,Luxury,2025-01-25,2025-01-30,5,78,4.5,4.0-4.5,True,True,"Free breakfast available | Free cancellation • Reserve now, pay at stay",,,False
16865982,Le Méridien Riyadh,Booking.com,OTA,2700.0,2591.25,108.75,SAR,675.0,Luxury,2025-01-20,2025-01-24,4,78,4.5,4.0-4.5,True,True,"Free breakfast available | Free cancellation • Reserve now, pay at stay",,,False
16865982,Le Méridien Riyadh,Booking.com,OTA,2591.25,2591.25,0.0,SAR,863.75,Luxury,2025-01-21,2025-01-24,3,78,4.5,4.0-4.5,True,True,"Free breakfast available | Free cancellation • Reserve now, pay at stay",,,False
16865982,Le Méridien Riyadh,Booking.com,OTA,5351.25,3.75,5347.5,SAR,1337.81,Luxury,2025-01-13,2025-01-17,4,78,4.5,4.0-4.5,True,True,"Free breakfast available | Free cancellation • Reserve now, pay at stay",,,False
16865982,Le Méridien Riyadh,Booking.com,OTA,5182.5,3.75,5178.75,SAR,5182.5,Luxury,2025-02-17,2025-02-18,1,78,4.5,4.0-4.5,True,True,"Free breakfast available | Free cancellation • Reserve now, pay at stay",,,False
16865982,Le Méridien Riyadh,Booking.com,OTA,2895.0,2895.0,0.0,SAR,723.75,Luxury,2025-01-25,2025-01-29,4,78,4.5,4.0-4.5,True,True,"Free breakfast available | Free cancellation • Reserve now, pay at stay",,,False
16865982,Le Méridien Riyadh,LeMeridien.com,Direct / Brand,2471.25,2471.25,0.0,SAR,823.75,Luxury,2025-01-25,2025-01-28,3,78,4.5,4.0-4.5,True,True,"Free breakfast available | Free cancellation • Reserve now, pay at stay",,,False
16865982,Le Méridien Riyadh,LeMeridien.com,Direct / Brand,1901.25,1901.25,0.0,SAR,950.62,Luxury,2025-01-05,2025-01-07,2,78,4.5,4.0-4.5,True,True,"Free breakfast available | Free cancellation • Reserve now, pay at stay",,,False
16865982,Le Méridien Riyadh,LeMeridien.com,Direct / Brand,1991.25,1991.25,0.0,SAR,497.81,Luxury,2025-01-17,2025-01-21,4,78,4.5,4.0-4.5,True,True,"Free breakfast available | Free cancellation • Reserve now, pay at stay",,,False
16865982,Le Méridien Riyadh,LeMeridien.com,Direct / Brand,1395.0,1395.0,0.0,SAR,465.0,Upscale,2025-01-10,2025-01-13,3,78,4.5,4.0-4.5,True,True,"Free breakfast available | Free cancellation • Reserve now, pay at stay",,,False
16865982,Le Méridien Riyadh,LeMeridien.com,Direct / Brand,1845.0,1845.0,0.0,SAR,922.5,Luxury,2025-01-25,2025-01-27,2,78,4.5,4.0-4.5,True,True,"Free breakfast available | Free cancellation • Reserve now, pay at stay",,,False
16865982,Le Méridien Riyadh,LeMeridien.com,Direct / Brand,2351.25,2351.25,0.0,SAR,1175.62,Luxury,2025-02-10,2025-02-12,2,78,4.5,4.0-4.5,True,True,Free breakfast available | Free cancellation,,,False
16865982,Le Méridien Riyadh,LeMeridien.com,Direct / Brand,2958.75,2958.75,0.0,SAR,1479.38,Luxury,2025-02-16,2025-02-18,2,78,4.5,4.0-4.5,True,True,"Free breakfast available | Free cancellation • Reserve now, pay at stay",,,False
16865982,Le Méridien Riyadh,LeMeridien.com,Direct / Brand,1968.75,1968.75,0.0,SAR,656.25,Luxury,2025-01-15,2025-01-18,3,78,4.5,4.0-4.5,True,True,"Free breakfast available | Free cancellation • Reserve now, pay at stay",,,False
16865982,Le Méridien Riyadh,LeMeridien.com,Direct / Brand,2865.0,2865.0,0.0,SAR,1432.5,Luxury,2025-02-02,2025-02-04,2,78,4.5,4.0-4.5,True,True,"Free breakfast available | Free cancellation • Reserve now, pay at stay",,,False
16865982,Le Méridien Riyadh,LeMeridien.com,Direct / Brand,3075.0,3075.0,0.0,SAR,3075.0,Luxury,2025-02-05,2025-02-06,1,78,4.5,4.0-4.5,True,True,"Free breakfast available | Free cancellation • Reserve now, pay at stay",,,False
16865982,Le Méridien Riyadh,LeMeridien.com,Direct / Brand,2486.25,2486.25,0.0,SAR,497.25,Luxury,2025-01-18,2025-01-23,5,78,4.5,4.0-4.5,True,True,"Free breakfast available | Free cancellation • Reserve now, pay at stay",,,False
16865982,Le Méridien Riyadh,LeMeridien.com,Direct / Brand,963.75,963.75,0.0,SAR,240.94,Upscale,2024-12-28,2025-01-01,4,78,4.5,4.0-4.5,False,False,,,,False
16865982,Le Méridien Riyadh,LeMeridien.com,Direct / Brand,1822.5,1822.5,0.0,SAR,364.5,Luxury,2025-02-11,2025-02-16,5,78,4.5,4.0-4.5,True,True,Free breakfast available | Free cancellation,,,False
16865982,Le Méridien Riyadh,LeMeridien.com,Direct / Brand,2351.25,2351.25,0.0,SAR,2351.25,Luxury,2025-02-09,2025-02-10,1,78,4.5,4.0-4.5,True,True,Free breakfast available | Free cancellation,,,False
16865982,Le Méridien Riyadh,LeMeridien.com,Direct / Brand,930.0,930.0,0.0,SAR,465.0,Upscale,2025-01-03,2025-01-05,2,78,4.5,4.0-4.5,False,False,,,,False
16865982,Le Méridien Riyadh,LeMeridien.com,Direct / Brand,2700.0,2700.0,0.0,SAR,675.0,Luxury,2025-01-20,2025-01-24,4,78,4.5,4.0-4.5,True,True,"Free breakfast available | Free cancellation • Reserve now, pay at stay",,,False
16865982,Le Méridien Riyadh,LeMeridien.com,Direct / Brand,2572.5,2572.5,0.0,SAR,857.5,Luxury,2025-01-21,2025-01-24,3,78,4.5,4.0-4.5,True,True,"Free breakfast available | Free cancellation • Reserve now, pay at stay",,,False
16865982,Le Méridien Riyadh,LeMeridien.com,Direct / Brand,4263.75,4263.75,0.0,SAR,1065.94,Luxury,2025-01-13,2025-01-17,4,78,4.5,4.0-4.5,True,True,"Free breakfast available | Free cancellation • Reserve now, pay at stay",,,False
16865982,Le Méridien Riyadh,LeMeridien.com,Direct / Brand,5182.5,5182.5,0.0,SAR,5182.5,Luxury,2025-02-17,2025-02-18,1,78,4.5,4.0-4.5,True,True,"Free breakfast available | Free cancellation • Reserve now, pay at stay",,,False
16865982,Le Méridien Riyadh,LeMeridien.com,Direct / Brand,2895.0,2895.0,0.0,SAR,723.75,Luxury,2025-01-25,2025-01-29,4,78,4.5,4.0-4.5,True,True,"Free breakfast available | Free cancellation • Reserve now, pay at stay",,,False
16865982,Le Méridien Riyadh,Marriott,Direct / Brand,873.75,873.75,0.0,SAR,873.75,Upscale,2025-01-02,2025-01-03,1,78,4.5,4.0-4.5,False,False,,,,False
16865982,Le Méridien Riyadh,Marriott,Direct / Brand,2152.5,2152.5,0.0,SAR,430.5,Luxury,2025-01-29,2025-02-03,5,78,4.5,4.0-4.5,True,True,"Free breakfast available | Free cancellation • Reserve now, pay at stay",,,False
16865982,Le Méridien Riyadh,Marriott,Direct / Brand,1267.5,1267.5,0.0,SAR,633.75,Upscale,2024-12-23,2024-12-25,2,78,4.5,4.0-4.5,True,True,"Free breakfast available | Free cancellation • Reserve now, pay at stay",,,False
16865982,Le Méridien Riyadh,Marriott,Direct / Brand,1901.25,1901.25,0.0,SAR,950.62,Luxury,2025-01-05,2025-01-07,2,78,4.5,4.0-4.5,True,True,"Free breakfast available | Free cancellation • Reserve now, pay at stay",,,False
16865982,Le Méridien Riyadh,Marriott,Direct / Brand,1991.25,1991.25,0.0,SAR,497.81,Luxury,2025-01-17,2025-01-21,4,78,4.5,4.0-4.5,True,True,"Free breakfast available | Free cancellation • Reserve now, pay at stay",,,False
16865982,Le Méridien Riyadh,Marriott,Direct / Brand,1395.0,1395.0,0.0,SAR,465.0,Upscale,2025-01-10,2025-01-13,3,78,4.5,4.0-4.5,True,True,"Free breakfast available | Free cancellation • Reserve now, pay at stay",,,False
16865982,Le Méridien Riyadh,Marriott,Direct / Brand,1845.0,1845.0,0.0,SAR,922.5,Luxury,2025-01-25,2025-01-27,2,78,4.5,4.0-4.5,True,True,"Free breakfast available | Free cancellation • Reserve now, pay at stay",,,False
16865982,Le Méridien Riyadh,Marriott,Direct / Brand,2171.25,2171.25,0.0,SAR,542.81,Luxury,2025-01-06,2025-01-10,4,78,4.5,4.0-4.5,True,True,"Free breakfast available | Free cancellation • Reserve now, pay at stay",,,False
16865982,Le Méridien Riyadh,Marriott,Direct / Brand,1968.75,1968.75,0.0,SAR,656.25,Luxury,2025-01-15,2025-01-18,3,78,4.5,4.0-4.5,True,True,"Free breakfast available | Free cancellation • Reserve now, pay at stay",,,False
16865982,Le Méridien Riyadh,Marriott,Direct / Brand,2486.25,2486.25,0.0,SAR,497.25,Luxury,2025-01-18,2025-01-23,5,78,4.5,4.0-4.5,True,True,"Free breakfast available | Free cancellation • Reserve now, pay at stay",,,False
16865982,Le Méridien Riyadh,Marriott,Direct / Brand,963.75,963.75,0.0,SAR,240.94,Upscale,2024-12-28,2025-01-01,4,78,4.5,4.0-4.5,False,False,,,,False
16865982,Le Méridien Riyadh,Marriott,Direct / Brand,2253.75,2253.75,0.0,SAR,450.75,Luxury,2025-02-09,2025-02-14,5,78,4.5,4.0-4.5,True,True,Free breakfast available | Free cancellation,,,False
16865982,Le Méridien Riyadh,Marriott,Direct / Brand,1087.5,1087.5,0.0,SAR,1087.5,Upscale,2024-12-20,2024-12-21,1,78,4.5,4.0-4.5,True,False,"Free breakfast available | Reserve now, pay at stay",,,False
16865982,Le Méridien Riyadh,Marriott,Direct / Brand,978.75,978.75,0.0,SAR,978.75,Upscale,2025-01-04,2025-01-05,1,78,4.5,4.0-4.5,False,False,,,,False
16865982,Le Méridien Riyadh,Marriott,Direct / Brand,1822.5,1822.5,0.0,SAR,364.5,Luxury,2025-02-11,2025-02-16,5,78,4.5,4.0-4.5,True,True,Free breakfast available | Free cancellation,,,False
16865982,Le Méridien Riyadh,Marriott,Direct / Brand,1237.5,1237.5,0.0,SAR,309.38,Upscale,2024-12-22,2024-12-26,4,78,4.5,4.0-4.5,True,True,"Free breakfast available | Free cancellation • Reserve now, pay at stay",,,False
16865982,Le Méridien Riyadh,Marriott,Direct / Brand,2351.25,2351.25,0.0,SAR,2351.25,Luxury,2025-02-09,2025-02-10,1,78,4.5,4.0-4.5,True,True,Free breakfast available | Free cancellation,,,False
16865982,Le Méridien Riyadh,Marriott,Direct / Brand,930.0,930.0,0.0,SAR,465.0,Upscale,2025-01-03,2025-01-05,2,78,4.5,4.0-4.5,False,False,,,,False
16865982,Le Méridien Riyadh,Marriott,Direct / Brand,1627.5,1627.5,0.0,SAR,406.88,Luxury,2025-02-13,2025-02-17,4,78,4.5,4.0-4.5,True,True,Free breakfast available | Free cancellation,,,False
506759,Madareem Hotel,Vio.com,OTA,813.75,813.75,0.0,SAR,162.75,Mid-range,2025-01-25,2025-01-30,5,105,3.5,3.0-3.5,False,False,,,,False
506759,Madareem Hotel,Vio.com,OTA,787.5,787.5,0.0,SAR,196.88,Mid-range,2025-02-13,2025-02-17,4,105,3.5,3.0-3.5,False,False,,,,False
23673791,"Mansard Riyadh, A Radisson Collection Hotel",Booking.com,OTA,1736.25,1736.25,0.0,SAR,868.12,Luxury,2025-01-25,2025-01-27,2,127,4.5,4.0-4.5,False,False,,,,False
27175878,Mena Hotel Nasiriah Riyadh,Booking.com,OTA,427.5,427.5,0.0,SAR,213.75,Budget,2024-12-23,2024-12-25,2,1,5.0,4.5-5.0,False,False,,,,False
27175878,Mena Hotel Nasiriah Riyadh,Booking.com,OTA,427.5,427.5,0.0,SAR,106.88,Budget,2024-12-22,2024-12-26,4,1,5.0,4.5-5.0,False,False,,,,False
5249543,Meral Crown Hotel,Booking.com,OTA,300.0,300.0,0.0,SAR,300.0,Budget,2024-12-20,2024-12-21,1,20,3.5,3.0-3.5,False,False,,,,False
5994700,Narcissus Hotel & Spa Riyadh,Booking.com,OTA,2580.0,1035.0,1545.0,SAR,2580.0,Luxury,2025-01-02,2025-01-03,1,338,4.5,4.0-4.5,False,False,,24.695637,46.683575,True
5994700,Narcissus Hotel & Spa Riyadh,Booking.com,OTA,1785.0,1335.0,450.0,SAR,357.0,Luxury,2025-01-29,2025-02-03,5,338,4.5,4.0-4.5,False,False,,24.695637,46.683575,True
5994700,Narcissus Hotel & Spa Riyadh,Booking.com,OTA,1207.5,1035.0,172.5,SAR,603.75,Upscale,2024-12-23,2024-12-25,2,338,4.5,4.0-4.5,False,False,,24.695637,46.683575,True
5994700,Narcissus Hotel & Spa Riyadh,Booking.com,OTA,1297.5,1143.75,153.75,SAR,432.5,Upscale,2025-01-25,2025-01-28,3,338,4.5,4.0-4.5,False,False,,24.695637,46.683575,True
5994700,Narcissus Hotel & Spa Riyadh,Booking.com,OTA,1357.5,1196.25,161.25,SAR,678.75,Upscale,2025-01-05,2025-01-07,2,338,4.5,4.0-4.5,False,False,,24.695637,46.683575,True
5994700,Narcissus Hotel & Spa Riyadh,Booking.com,OTA,2096.25,1117.5,978.75,SAR,524.06,Luxury,2025-01-17,2025-01-21,4,338,4.5,4.0-4.5,False,False,,24.695637,46.683575,True
5994700,Narcissus Hotel & Spa Riyadh,Booking.com,OTA,1976.25,1091.25,885.0,SAR,658.75,Luxury,2025-01-10,2025-01-13,3,338,4.5,4.0-4.5,False,False,,24.695637,46.683575,True
5994700,Narcissus Hotel & Spa Riyadh,Booking.com,OTA,1267.5,1117.5,150.0,SAR,633.75,Upscale,2025-01-25,2025-01-27,2,338,4.5,4.0-4.5,False,False,,24.695637,46.683575,True
5994700,Narcissus Hotel & Spa Riyadh,Booking.com,OTA,2103.75,1158.75,945.0,SAR,525.94,Luxury,2025-01-06,2025-01-10,4,338,4.5,4.0-4.5,False,False,,24.695637,46.683575,True
5994700,Narcissus Hotel & Spa Riyadh,Booking.com,OTA,2171.25,1912.5,258.75,SAR,1085.62,Luxury,2025-02-10,2025-02-12,2,338,4.5,4.0-4.5,False,False,,24.695637,46.683575,True
5994700,Narcissus Hotel & Spa Riyadh,Booking.com,OTA,2171.25,1912.5,258.75,SAR,1085.62,Luxury,2025-02-16,2025-02-18,2,338,4.5,4.0-4.5,False,False,,24.695637,46.683575,True
5994700,Narcissus Hotel & Spa Riyadh,Booking.com,OTA,2137.5,1091.25,1046.25,SAR,712.5,Luxury,2025-01-15,2025-01-18,3,338,4.5,4.0-4.5,False,False,,24.695637,46.683575,True
5994700,Narcissus Hotel & Spa Riyadh,Booking.com,OTA,2171.25,1912.5,258.75,SAR,1085.62,Luxury,2025-02-02,2025-02-04,2,338,4.5,4.0-4.5,False,False,,24.695637,46.683575,True
5994700,Narcissus Hotel & Spa Riyadh,Booking.com,OTA,1976.25,1905.0,71.25,SAR,1976.25,Luxury,2025-02-05,2025-02-06,1,338,4.5,4.0-4.5,False,False,,24.695637,46.683575,True
5994700,Narcissus Hotel & Spa Riyadh,Booking.com,OTA,1320.0,1166.25,153.75,SAR,264.0,Upscale,2025-01-25,2025-01-30,5,338,4.5,4.0-4.5,False,False,,24.695637,46.683575,True
5994700,Narcissus Hotel & Spa Riyadh,Booking.com,OTA,1320.0,1166.25,153.75,SAR,264.0,Upscale,2025-01-18,2025-01-23,5,338,4.5,4.0-4.5,False,False,,24.695637,46.683575,True
5994700,Narcissus Hotel & Spa Riyadh,Booking.com,OTA,1548.75,1053.75,495.0,SAR,387.19,Upscale,2024-12-28,2025-01-01,4,338,4.5,4.0-4.5,False,False,,24.695637,46.683575,True
5994700,Narcissus Hotel & Spa Riyadh,Booking.com,OTA,2100.0,1830.0,270.0,SAR,420.0,Luxury,2025-02-09,2025-02-14,5,338,4.5,4.0-4.5,False,False,,24.695637,46.683575,True
5994700,Narcissus Hotel & Spa Riyadh,Booking.com,OTA,1496.25,1245.0,251.25,SAR,1496.25,Upscale,2024-12-20,2024-12-21,1,338,4.5,4.0-4.5,False,False,,24.695637,46.683575,True
5994700,Narcissus Hotel & Spa Riyadh,Booking.com,OTA,2700.0,1035.0,1665.0,SAR,2700.0,Luxury,2025-01-04,2025-01-05,1,338,4.5,4.0-4.5,False,False,,24.695637,46.683575,True
5994700,Narcissus Hotel & Spa Riyadh,Booking.com,OTA,1953.75,1721.25,232.5,SAR,390.75,Luxury,2025-02-11,2025-02-16,5,338,4.5,4.0-4.5,False,False,,24.695637,46.683575,True
5994700,Narcissus Hotel & Spa Riyadh,Booking.com,OTA,1177.5,1038.75,138.75,SAR,294.38,Upscale,2024-12-22,2024-12-26,4,338,4.5,4.0-4.5,False,False,,24.695637,46.683575,True
5994700,Narcissus Hotel & Spa Riyadh,Booking.com,OTA,1976.25,1905.0,71.25,SAR,1976.25,Luxury,2025-02-09,2025-02-10,1,338,4.5,4.0-4.5,False,False,,24.695637,46.683575,True
5994700,Narcissus Hotel & Spa Riyadh,Booking.com,OTA,1177.5,1038.75,138.75,SAR,588.75,Upscale,2025-01-03,2025-01-05,2,338,4.5,4.0-4.5,False,False,,24.695637,46.683575,True
5994700,Narcissus Hotel & Spa Riyadh,Booking.com,OTA,1976.25,1158.75,817.5,SAR,494.06,Luxury,2025-01-20,2025-01-24,4,338,4.5,4.0-4.5,False,False,,24.695637,46.683575,True
5994700,Narcissus Hotel & Spa Riyadh,Booking.com,OTA,1976.25,1650.0,326.25,SAR,494.06,Luxury,2025-02-13,2025-02-17,4,338,4.5,4.0-4.5,False,False,,24.695637,46.683575,True
5994700,Narcissus Hotel & Spa Riyadh,Booking.com,OTA,1297.5,1143.75,153.75,SAR,432.5,Upscale,2025-01-21,2025-01-24,3,338,4.5,4.0-4.5,False,False,,24.695637,46.683575,True
5994700,Narcissus Hotel & Spa Riyadh,Booking.com,OTA,2036.25,1158.75,877.5,SAR,509.06,Luxury,2025-01-13,2025-01-17,4,338,4.5,4.0-4.5,False,False,,24.695637,46.683575,True
5994700,Narcissus Hotel & Spa Riyadh,Booking.com,OTA,1976.25,1905.0,71.25,SAR,1976.25,Luxury,2025-02-17,2025-02-18,1,338,4.5,4.0-4.5,False,False,,24.695637,46.683575,True
5994700,Narcissus Hotel & Spa Riyadh,Booking.com,OTA,1976.25,1158.75,817.5,SAR,494.06,Luxury,2025-01-25,2025-01-29,4,338,4.5,4.0-4.5,False,False,,24.695637,46.683575,True
14027272,Nawara Dala,Booking.com,OTA,435.0,435.0,0.0,SAR,108.75,Budget,2024-12-22,2024-12-26,4,2,3.5,3.0-3.5,False,False,,,,False
28054092,Nova M Hotel Edge By Rotana,Booking.com,OTA,592.5,566.25,26.25,SAR,592.5,Mid-range,2025-01-02,2025-01-03,1,2,4.5,4.0-4.5,False,False,,24.779217,46.642143,True
28054092,Nova M Hotel Edge By Rotana,Booking.com,OTA,750.0,750.0,0.0,SAR,150.0,Mid-range,2025-01-29,2025-02-03,5,2,4.5,4.0-4.5,False,False,,24.779217,46.642143,True
28054092,Nova M Hotel Edge By Rotana,Booking.com,OTA,543.75,543.75,0.0,SAR,271.88,Budget,2024-12-23,2024-12-25,2,2,4.5,4.0-4.5,False,False,,24.779217,46.642143,True
28054092,Nova M Hotel Edge By Rotana,Booking.com,OTA,783.75,783.75,0.0,SAR,261.25,Mid-range,2025-01-25,2025-01-28,3,2,4.5,4.0-4.5,False,False,,24.779217,46.642143,True
28054092,Nova M Hotel Edge By Rotana,Booking.com,OTA,540.0,487.5,52.5,SAR,270.0,Budget,2025-01-05,2025-01-07,2,2,4.5,4.0-4.5,False,False,,24.779217,46.642143,True
28054092,Nova M Hotel Edge By Rotana,Booking.com,OTA,750.0,750.0,0.0,SAR,187.5,Mid-range,2025-01-17,2025-01-21,4,2,4.5,4.0-4.5,False,False,,24.779217,46.642143,True
28054092,Nova M Hotel Edge By Rotana,Booking.com,OTA,551.25,551.25,0.0,SAR,183.75,Budget,2025-01-10,2025-01-13,3,2,4.5,4.0-4.5,False,False,,24.779217,46.642143,True
28054092,Nova M Hotel Edge By Rotana,Booking.com,OTA,813.75,772.5,41.25,SAR,406.88,Mid-range,2025-01-25,2025-01-27,2,2,4.5,4.0-4.5,False,False,,24.779217,46.642143,True
28054092,Nova M Hotel Edge By Rotana,Booking.com,OTA,438.75,438.75,0.0,SAR,109.69,Budget,2025-01-06,2025-01-10,4,2,4.5,4.0-4.5,False,False,,24.779217,46.642143,True
28054092,Nova M Hotel Edge By Rotana,Booking.com,OTA,1031.25,975.0,56.25,SAR,515.62,Upscale,2025-02-10,2025-02-12,2,2,4.5,4.0-4.5,False,False,,24.779217,46.642143,True
28054092,Nova M Hotel Edge By Rotana,Booking.com,OTA,1031.25,975.0,56.25,SAR,515.62,Upscale,2025-02-16,2025-02-18,2,2,4.5,4.0-4.5,False,False,,24.779217,46.642143,True
28054092,Nova M Hotel Edge By Rotana,Booking.com,OTA,716.25,716.25,0.0,SAR,238.75,Mid-range,2025-01-15,2025-01-18,3,2,4.5,4.0-4.5,False,False,,24.779217,46.642143,True
28054092,Nova M Hotel Edge By Rotana,Booking.com,OTA,1031.25,975.0,56.25,SAR,515.62,Upscale,2025-02-02,2025-02-04,2,2,4.5,4.0-4.5,False,False,,24.779217,46.642143,True
28054092,Nova M Hotel Edge By Rotana,Booking.com,OTA,1031.25,975.0,56.25,SAR,1031.25,Upscale,2025-02-05,2025-02-06,1,2,4.5,4.0-4.5,False,False,,24.779217,46.642143,True
28054092,Nova M Hotel Edge By Rotana,Booking.com,OTA,810.0,810.0,0.0,SAR,162.0,Mid-range,2025-01-25,2025-01-30,5,2,4.5,4.0-4.5,False,False,,24.779217,46.642143,True
28054092,Nova M Hotel Edge By Rotana,Booking.com,OTA,810.0,810.0,0.0,SAR,162.0,Mid-range,2025-01-18,2025-01-23,5,2,4.5,4.0-4.5,False,False,,24.779217,46.642143,True
28054092,Nova M Hotel Edge By Rotana,Booking.com,OTA,487.5,465.0,22.5,SAR,121.88,Budget,2024-12-28,2025-01-01,4,2,4.5,4.0-4.5,False,False,,24.779217,46.642143,True
28054092,Nova M Hotel Edge By Rotana,Booking.com,OTA,888.75,888.75,0.0,SAR,177.75,Upscale,2025-02-09,2025-02-14,5,2,4.5,4.0-4.5,False,False,,24.779217,46.642143,True
28054092,Nova M Hotel Edge By Rotana,Booking.com,OTA,592.5,566.25,26.25,SAR,592.5,Mid-range,2025-01-04,2025-01-05,1,2,4.5,4.0-4.5,False,False,,24.779217,46.642143,True
28054092,Nova M Hotel Edge By Rotana,Booking.com,OTA,768.75,768.75,0.0,SAR,153.75,Mid-range,2025-02-11,2025-02-16,5,2,4.5,4.0-4.5,False,False,,24.779217,46.642143,True
28054092,Nova M Hotel Edge By Rotana,Booking.com,OTA,528.75,528.75,0.0,SAR,132.19,Budget,2024-12-22,2024-12-26,4,2,4.5,4.0-4.5,False,False,,24.779217,46.642143,True
28054092,Nova M Hotel Edge By Rotana,Booking.com,OTA,1031.25,975.0,56.25,SAR,1031.25,Upscale,2025-02-09,2025-02-10,1,2,4.5,4.0-4.5,False,False,,24.779217,46.642143,True
28054092,Nova M Hotel Edge By Rotana,Booking.com,OTA,592.5,483.75,108.75,SAR,296.25,Mid-range,2025-01-03,2025-01-05,2,2,4.5,4.0-4.5,False,False,,24.779217,46.642143,True
28054092,Nova M Hotel Edge By Rotana,Booking.com,OTA,798.75,798.75,0.0,SAR,199.69,Mid-range,2025-01-20,2025-01-24,4,2,4.5,4.0-4.5,False,False,,24.779217,46.642143,True
28054092,Nova M Hotel Edge By Rotana,Booking.com,OTA,723.75,723.75,0.0,SAR,180.94,Mid-range,2025-02-13,2025-02-17,4,2,4.5,4.0-4.5,False,False,,24.779217,46.642143,True
28054092,Nova M Hotel Edge By Rotana,Booking.com,OTA,783.75,783.75,0.0,SAR,261.25,Mid-range,2025-01-21,2025-01-24,3,2,4.5,4.0-4.5,False,False,,24.779217,46.642143,True
28054092,Nova M Hotel Edge By Rotana,Booking.com,OTA,798.75,798.75,0.0,SAR,199.69,Mid-range,2025-01-13,2025-01-17,4,2,4.5,4.0-4.5,False,False,,24.779217,46.642143,True
28054092,Nova M Hotel Edge By Rotana,Booking.com,OTA,798.75,798.75,0.0,SAR,199.69,Mid-range,2025-01-13,2025-01-17,4,2,4.5,4.0-4.5,False,False,,24.779217,46.642143,True
28054092,Nova M Hotel Edge By Rotana,Booking.com,OTA,1031.25,975.0,56.25,SAR,1031.25,Upscale,2025-02-17,2025-02-18,1,2,4.5,4.0-4.5,False,False,,24.779217,46.642143,True
28054092,Nova M Hotel Edge By Rotana,Booking.com,OTA,798.75,798.75,0.0,SAR,199.69,Mid-range,2025-01-25,2025-01-29,4,2,4.5,4.0-4.5,False,False,,24.779217,46.642143,True
28054092,Nova M Hotel Edge By Rotana,Hotels.com,OTA,577.5,566.25,11.25,SAR,577.5,Budget,2024-12-20,2024-12-21,1,2,4.5,4.0-4.5,False,False,,24.779217,46.642143,True
27729005,Novotel Riyadh Sahafa,Booking.com,OTA,705.0,705.0,0.0,SAR,705.0,Mid-range,2024-12-20,2024-12-21,1,5,5.0,4.5-5.0,False,False,,,,False
3879255,OYO 146 Al Asemah Hotel,Agoda.com,OTA,195.0,172.5,22.5,SAR,97.5,Budget,2024-12-23,2024-12-25,2,3,3.5,3.0-3.5,True,True,"Free breakfast available | Free cancellation • Reserve now, pay at stay",24.641687,46.72113,True
3879255,OYO 146 Al Asemah Hotel,Agoda.com,OTA,198.75,172.5,26.25,SAR,49.69,Budget,2024-12-28,2025-01-01,4,3,3.5,3.0-3.5,True,True,"Free breakfast available | Free cancellation • Reserve now, pay at stay",24.641687,46.72113,True
3879255,OYO 146 Al Asemah Hotel,Agoda.com,OTA,213.75,172.5,41.25,SAR,213.75,Budget,2024-12-20,2024-12-21,1,3,3.5,3.0-3.5,True,True,"Free breakfast available | Free cancellation • Reserve now, pay at stay",24.641687,46.72113,True
3879255,OYO 146 Al Asemah Hotel,Agoda.com,OTA,187.5,172.5,15.0,SAR,46.88,Budget,2024-12-22,2024-12-26,4,3,3.5,3.0-3.5,True,True,"Free breakfast available | Free cancellation • Reserve now, pay at stay",24.641687,46.72113,True
3879255,OYO 146 Al Asemah Hotel,Expedia,OTA,266.25,266.25,0.0,SAR,266.25,Budget,2025-01-02,2025-01-03,1,3,3.5,3.0-3.5,True,True,Free breakfast available | Free cancellation,24.641687,46.72113,True
3879255,OYO 146 Al Asemah Hotel,Expedia,OTA,266.25,266.25,0.0,SAR,53.25,Budget,2025-01-29,2025-02-03,5,3,3.5,3.0-3.5,True,True,"Free breakfast available | Free cancellation • Reserve now, pay at stay",24.641687,46.72113,True
3879255,OYO 146 Al Asemah Hotel,Expedia,OTA,266.25,266.25,0.0,SAR,88.75,Budget,2025-01-25,2025-01-28,3,3,3.5,3.0-3.5,True,True,"Free breakfast available | Free cancellation • Reserve now, pay at stay",24.641687,46.72113,True
3879255,OYO 146 Al Asemah Hotel,Expedia,OTA,266.25,266.25,0.0,SAR,66.56,Budget,2025-01-17,2025-01-21,4,3,3.5,3.0-3.5,True,True,"Free breakfast available | Free cancellation • Reserve now, pay at stay",24.641687,46.72113,True
3879255,OYO 146 Al Asemah Hotel,Expedia,OTA,266.25,266.25,0.0,SAR,88.75,Budget,2025-01-10,2025-01-13,3,3,3.5,3.0-3.5,True,True,"Free breakfast available | Free cancellation • Reserve now, pay at stay",24.641687,46.72113,True
3879255,OYO 146 Al Asemah Hotel,Expedia,OTA,266.25,266.25,0.0,SAR,133.12,Budget,2025-01-25,2025-01-27,2,3,3.5,3.0-3.5,True,True,"Free breakfast available | Free cancellation • Reserve now, pay at stay",24.641687,46.72113,True
3879255,OYO 146 Al Asemah Hotel,Expedia,OTA,266.25,266.25,0.0,SAR,66.56,Budget,2025-01-06,2025-01-10,4,3,3.5,3.0-3.5,True,True,"Free breakfast available | Free cancellation • Reserve now, pay at stay",24.641687,46.72113,True
3879255,OYO 146 Al Asemah Hotel,Expedia,OTA,266.25,266.25,0.0,SAR,133.12,Budget,2025-02-10,2025-02-12,2,3,3.5,3.0-3.5,True,True,"Free breakfast available | Free cancellation • Reserve now, pay at stay",24.641687,46.72113,True
3879255,OYO 146 Al Asemah Hotel,Expedia,OTA,266.25,266.25,0.0,SAR,133.12,Budget,2025-02-16,2025-02-18,2,3,3.5,3.0-3.5,True,True,"Free breakfast available | Free cancellation • Reserve now, pay at stay",24.641687,46.72113,True
3879255,OYO 146 Al Asemah Hotel,Expedia,OTA,266.25,266.25,0.0,SAR,88.75,Budget,2025-01-15,2025-01-18,3,3,3.5,3.0-3.5,True,True,"Free breakfast available | Free cancellation • Reserve now, pay at stay",24.641687,46.72113,True
3879255,OYO 146 Al Asemah Hotel,Expedia,OTA,266.25,266.25,0.0,SAR,133.12,Budget,2025-02-02,2025-02-04,2,3,3.5,3.0-3.5,True,True,"Free breakfast available | Free cancellation • Reserve now, pay at stay",24.641687,46.72113,True
3879255,OYO 146 Al Asemah Hotel,Expedia,OTA,266.25,266.25,0.0,SAR,266.25,Budget,2025-02-05,2025-02-06,1,3,3.5,3.0-3.5,True,True,Free breakfast available | Free cancellation,24.641687,46.72113,True
3879255,OYO 146 Al Asemah Hotel,Expedia,OTA,266.25,266.25,0.0,SAR,53.25,Budget,2025-01-25,2025-01-30,5,3,3.5,3.0-3.5,True,True,"Free breakfast available | Free cancellation • Reserve now, pay at stay",24.641687,46.72113,True
3879255,OYO 146 Al Asemah Hotel,Expedia,OTA,266.25,266.25,0.0,SAR,53.25,Budget,2025-01-18,2025-01-23,5,3,3.5,3.0-3.5,True,True,"Free breakfast available | Free cancellation • Reserve now, pay at stay",24.641687,46.72113,True
3879255,OYO 146 Al Asemah Hotel,Expedia,OTA,266.25,266.25,0.0,SAR,53.25,Budget,2025-02-09,2025-02-14,5,3,3.5,3.0-3.5,True,True,"Free breakfast available | Free cancellation • Reserve now, pay at stay",24.641687,46.72113,True
3879255,OYO 146 Al Asemah Hotel,Expedia,OTA,266.25,266.25,0.0,SAR,266.25,Budget,2025-01-04,2025-01-05,1,3,3.5,3.0-3.5,True,True,Free breakfast available | Free cancellation,24.641687,46.72113,True
3879255,OYO 146 Al Asemah Hotel,Expedia,OTA,266.25,266.25,0.0,SAR,53.25,Budget,2025-02-11,2025-02-16,5,3,3.5,3.0-3.5,True,True,"Free breakfast available | Free cancellation • Reserve now, pay at stay",24.641687,46.72113,True
3879255,OYO 146 Al Asemah Hotel,Expedia,OTA,266.25,266.25,0.0,SAR,266.25,Budget,2025-02-09,2025-02-10,1,3,3.5,3.0-3.5,True,True,Free breakfast available | Free cancellation,24.641687,46.72113,True
3879255,OYO 146 Al Asemah Hotel,Expedia,OTA,266.25,266.25,0.0,SAR,66.56,Budget,2025-01-20,2025-01-24,4,3,3.5,3.0-3.5,True,True,"Free breakfast available | Free cancellation • Reserve now, pay at stay",24.641687,46.72113,True
3879255,OYO 146 Al Asemah Hotel,Expedia,OTA,266.25,266.25,0.0,SAR,66.56,Budget,2025-02-13,2025-02-17,4,3,3.5,3.0-3.5,True,True,"Free breakfast available | Free cancellation • Reserve now, pay at stay",24.641687,46.72113,True
3879255,OYO 146 Al Asemah Hotel,Expedia,OTA,266.25,266.25,0.0,SAR,66.56,Budget,2025-01-13,2025-01-17,4,3,3.5,3.0-3.5,True,True,"Free breakfast available | Free cancellation • Reserve now, pay at stay",24.641687,46.72113,True
3879255,OYO 146 Al Asemah Hotel,Expedia,OTA,266.25,266.25,0.0,SAR,266.25,Budget,2025-02-17,2025-02-18,1,3,3.5,3.0-3.5,True,True,Free breakfast available | Free cancellation,24.641687,46.72113,True
3879255,OYO 146 Al Asemah Hotel,Expedia,OTA,266.25,266.25,0.0,SAR,66.56,Budget,2025-01-25,2025-01-29,4,3,3.5,3.0-3.5,True,True,"Free breakfast available | Free cancellation • Reserve now, pay at stay",24.641687,46.72113,True
25280776,Ramada By wyndham,Agoda.com,OTA,671.25,671.25,0.0,SAR,671.25,Mid-range,2025-01-02,2025-01-03,1,7,4.0,3.5-4.0,False,False,,,,False
25280776,Ramada By wyndham,Agoda.com,OTA,836.25,836.25,0.0,SAR,167.25,Upscale,2025-01-29,2025-02-03,5,7,4.0,3.5-4.0,False,False,,,,False
25280776,Ramada By wyndham,Agoda.com,OTA,671.25,671.25,0.0,SAR,335.62,Mid-range,2024-12-23,2024-12-25,2,7,4.0,3.5-4.0,False,False,,,,False
25280776,Ramada By wyndham,Agoda.com,OTA,937.5,937.5,0.0,SAR,312.5,Upscale,2025-01-25,2025-01-28,3,7,4.0,3.5-4.0,False,False,,,,False
25280776,Ramada By wyndham,Agoda.com,OTA,821.25,821.25,0.0,SAR,410.62,Upscale,2025-01-05,2025-01-07,2,7,4.0,3.5-4.0,False,False,,,,False
25280776,Ramada By wyndham,Agoda.com,OTA,798.75,798.75,0.0,SAR,199.69,Mid-range,2025-01-17,2025-01-21,4,7,4.0,3.5-4.0,False,False,,,,False
25280776,Ramada By wyndham,Agoda.com,OTA,761.25,761.25,0.0,SAR,253.75,Mid-range,2025-01-10,2025-01-13,3,7,4.0,3.5-4.0,False,False,,,,False
25280776,Ramada By wyndham,Agoda.com,OTA,873.75,873.75,0.0,SAR,436.88,Upscale,2025-01-25,2025-01-27,2,7,4.0,3.5-4.0,False,False,,,,False
25280776,Ramada By wyndham,Agoda.com,OTA,783.75,783.75,0.0,SAR,195.94,Mid-range,2025-01-06,2025-01-10,4,7,4.0,3.5-4.0,False,False,,,,False
25280776,Ramada By wyndham,Agoda.com,OTA,1676.25,1676.25,0.0,SAR,838.12,Luxury,2025-02-10,2025-02-12,2,7,4.0,3.5-4.0,False,False,,,,False
25280776,Ramada By wyndham,Agoda.com,OTA,821.25,821.25,0.0,SAR,410.62,Upscale,2025-02-16,2025-02-18,2,7,4.0,3.5-4.0,False,False,,,,False
25280776,Ramada By wyndham,Agoda.com,OTA,806.25,806.25,0.0,SAR,268.75,Mid-range,2025-01-15,2025-01-18,3,7,4.0,3.5-4.0,False,False,,,,False
25280776,Ramada By wyndham,Agoda.com,OTA,1038.75,1038.75,0.0,SAR,519.38,Upscale,2025-02-02,2025-02-04,2,7,4.0,3.5-4.0,False,False,,,,False
25280776,Ramada By wyndham,Agoda.com,OTA,1038.75,1038.75,0.0,SAR,1038.75,Upscale,2025-02-05,2025-02-06,1,7,4.0,3.5-4.0,False,False,,,,False
25280776,Ramada By wyndham,Agoda.com,OTA,982.5,982.5,0.0,SAR,196.5,Upscale,2025-01-25,2025-01-30,5,7,4.0,3.5-4.0,False,False,,,,False
25280776,Ramada By wyndham,Agoda.com,OTA,847.5,847.5,0.0,SAR,169.5,Upscale,2025-01-18,2025-01-23,5,7,4.0,3.5-4.0,False,False,,,,False
25280776,Ramada By wyndham,Agoda.com,OTA,663.75,663.75,0.0,SAR,165.94,Mid-range,2024-12-28,2025-01-01,4,7,4.0,3.5-4.0,False,False,,,,False
25280776,Ramada By wyndham,Agoda.com,OTA,1492.5,1492.5,0.0,SAR,298.5,Upscale,2025-02-09,2025-02-14,5,7,4.0,3.5-4.0,False,False,,,,False
25280776,Ramada By wyndham,Agoda.com,OTA,671.25,671.25,0.0,SAR,671.25,Mid-range,2024-12-20,2024-12-21,1,7,4.0,3.5-4.0,False,False,,,,False
25280776,Ramada By wyndham,Agoda.com,OTA,671.25,671.25,0.0,SAR,671.25,Mid-range,2025-01-04,2025-01-05,1,7,4.0,3.5-4.0,False,False,,,,False
25280776,Ramada By wyndham,Agoda.com,OTA,1125.0,1125.0,0.0,SAR,225.0,Upscale,2025-02-11,2025-02-16,5,7,4.0,3.5-4.0,False,False,,,,False
25280776,Ramada By wyndham,Agoda.com,OTA,671.25,671.25,0.0,SAR,167.81,Mid-range,2024-12-22,2024-12-26,4,7,4.0,3.5-4.0,False,False,,,,False
25280776,Ramada By wyndham,Agoda.com,OTA,1676.25,1676.25,0.0,SAR,1676.25,Luxury,2025-02-09,2025-02-10,1,7,4.0,3.5-4.0,False,False,,,,False
25280776,Ramada By wyndham,Agoda.com,OTA,671.25,671.25,0.0,SAR,335.62,Mid-range,2025-01-03,2025-01-05,2,7,4.0,3.5-4.0,False,False,,,,False
25280776,Ramada By wyndham,Agoda.com,OTA,847.5,847.5,0.0,SAR,211.88,Upscale,2025-01-20,2025-01-24,4,7,4.0,3.5-4.0,False,False,,,,False
25280776,Ramada By wyndham,Agoda.com,OTA,780.0,780.0,0.0,SAR,195.0,Mid-range,2025-02-13,2025-02-17,4,7,4.0,3.5-4.0,False,False,,,,False
25280776,Ramada By wyndham,Agoda.com,OTA,858.75,858.75,0.0,SAR,286.25,Upscale,2025-01-21,2025-01-24,3,7,4.0,3.5-4.0,False,False,,,,False
25280776,Ramada By wyndham,Agoda.com,OTA,847.5,847.5,0.0,SAR,211.88,Upscale,2025-01-13,2025-01-17,4,7,4.0,3.5-4.0,False,False,,,,False
25280776,Ramada By wyndham,Agoda.com,OTA,806.25,806.25,0.0,SAR,806.25,Mid-range,2025-02-17,2025-02-18,1,7,4.0,3.5-4.0,False,False,,,,False
25280776,Ramada By wyndham,Agoda.com,OTA,971.25,971.25,0.0,SAR,242.81,Upscale,2025-01-25,2025-01-29,4,7,4.0,3.5-4.0,False,False,,,,False
1732120,Rand by Wandalus,Booking.com,OTA,656.25,502.5,153.75,SAR,656.25,Mid-range,2025-01-02,2025-01-03,1,70,3.5,3.0-3.5,False,False,,,,False
1732120,Rand by Wandalus,Booking.com,OTA,656.25,558.75,97.5,SAR,131.25,Mid-range,2025-01-29,2025-02-03,5,70,3.5,3.0-3.5,False,False,,,,False
1732120,Rand by Wandalus,Booking.com,OTA,656.25,506.25,150.0,SAR,328.12,Mid-range,2024-12-23,2024-12-25,2,70,3.5,3.0-3.5,False,False,,,,False
1732120,Rand by Wandalus,Booking.com,OTA,656.25,540.0,116.25,SAR,218.75,Mid-range,2025-01-25,2025-01-28,3,70,3.5,3.0-3.5,False,False,,,,False
1732120,Rand by Wandalus,Booking.com,OTA,712.5,502.5,210.0,SAR,356.25,Mid-range,2025-01-05,2025-01-07,2,70,3.5,3.0-3.5,False,False,,,,False
1732120,Rand by Wandalus,Booking.com,OTA,712.5,558.75,153.75,SAR,178.12,Mid-range,2025-01-17,2025-01-21,4,70,3.5,3.0-3.5,False,False,,,,False
1732120,Rand by Wandalus,Booking.com,OTA,570.0,528.75,41.25,SAR,190.0,Budget,2025-01-10,2025-01-13,3,70,3.5,3.0-3.5,False,False,,,,False
1732120,Rand by Wandalus,Booking.com,OTA,656.25,536.25,120.0,SAR,328.12,Mid-range,2025-01-25,2025-01-27,2,70,3.5,3.0-3.5,False,False,,,,False
1732120,Rand by Wandalus,Booking.com,OTA,712.5,506.25,206.25,SAR,178.12,Mid-range,2025-01-06,2025-01-10,4,70,3.5,3.0-3.5,False,False,,,,False
1732120,Rand by Wandalus,Booking.com,OTA,656.25,558.75,97.5,SAR,328.12,Mid-range,2025-02-10,2025-02-12,2,70,3.5,3.0-3.5,False,False,,,,False
1732120,Rand by Wandalus,Booking.com,OTA,712.5,502.5,210.0,SAR,356.25,Mid-range,2025-02-16,2025-02-18,2,70,3.5,3.0-3.5,False,False,,,,False
1732120,Rand by Wandalus,Booking.com,OTA,592.5,532.5,60.0,SAR,197.5,Mid-range,2025-01-15,2025-01-18,3,70,3.5,3.0-3.5,False,False,,,,False
1732120,Rand by Wandalus,Booking.com,OTA,656.25,543.75,112.5,SAR,328.12,Mid-range,2025-02-02,2025-02-04,2,70,3.5,3.0-3.5,False,False,,,,False
1732120,Rand by Wandalus,Booking.com,OTA,656.25,588.75,67.5,SAR,656.25,Mid-range,2025-02-05,2025-02-06,1,70,3.5,3.0-3.5,False,False,,,,False
1732120,Rand by Wandalus,Booking.com,OTA,656.25,558.75,97.5,SAR,131.25,Mid-range,2025-01-25,2025-01-30,5,70,3.5,3.0-3.5,False,False,,,,False
1732120,Rand by Wandalus,Booking.com,OTA,712.5,558.75,153.75,SAR,142.5,Mid-range,2025-01-18,2025-01-23,5,70,3.5,3.0-3.5,False,False,,,,False
1732120,Rand by Wandalus,Booking.com,OTA,656.25,502.5,153.75,SAR,164.06,Mid-range,2024-12-28,2025-01-01,4,70,3.5,3.0-3.5,False,False,,,,False
1732120,Rand by Wandalus,Booking.com,OTA,656.25,596.25,60.0,SAR,131.25,Mid-range,2025-02-09,2025-02-14,5,70,3.5,3.0-3.5,False,False,,,,False
1732120,Rand by Wandalus,Booking.com,OTA,573.75,498.75,75.0,SAR,573.75,Budget,2024-12-20,2024-12-21,1,70,3.5,3.0-3.5,False,False,,,,False
1732120,Rand by Wandalus,Booking.com,OTA,656.25,502.5,153.75,SAR,656.25,Mid-range,2025-01-04,2025-01-05,1,70,3.5,3.0-3.5,False,False,,,,False
1732120,Rand by Wandalus,Booking.com,OTA,712.5,558.75,153.75,SAR,142.5,Mid-range,2025-02-11,2025-02-16,5,70,3.5,3.0-3.5,False,False,,,,False
1732120,Rand by Wandalus,Booking.com,OTA,656.25,506.25,150.0,SAR,164.06,Mid-range,2024-12-22,2024-12-26,4,70,3.5,3.0-3.5,False,False,,,,False
1732120,Rand by Wandalus,Booking.com,OTA,656.25,596.25,60.0,SAR,656.25,Mid-range,2025-02-09,2025-02-10,1,70,3.5,3.0-3.5,False,False,,,,False
1732120,Rand by Wandalus,Booking.com,OTA,656.25,540.0,116.25,SAR,328.12,Mid-range,2025-01-03,2025-01-05,2,70,3.5,3.0-3.5,False,False,,,,False
1732120,Rand by Wandalus,Booking.com,OTA,656.25,540.0,116.25,SAR,164.06,Mid-range,2025-01-20,2025-01-24,4,70,3.5,3.0-3.5,False,False,,,,False
1732120,Rand by Wandalus,Booking.com,OTA,712.5,540.0,172.5,SAR,178.12,Mid-range,2025-02-13,2025-02-17,4,70,3.5,3.0-3.5,False,False,,,,False
1732120,Rand by Wandalus,Booking.com,OTA,656.25,558.75,97.5,SAR,218.75,Mid-range,2025-01-21,2025-01-24,3,70,3.5,3.0-3.5,False,False,,,,False
1732120,Rand by Wandalus,Booking.com,OTA,566.25,562.5,3.75,SAR,141.56,Budget,2025-01-13,2025-01-17,4,70,3.5,3.0-3.5,False,False,,,,False
1732120,Rand by Wandalus,Booking.com,OTA,656.25,540.0,116.25,SAR,164.06,Mid-range,2025-01-25,2025-01-29,4,70,3.5,3.0-3.5,False,False,,,,False
2149240,Riyadh Airport Marriott Hotel,Marriott Hotels,Direct / Brand,915.0,915.0,0.0,SAR,915.0,Upscale,2025-01-02,2025-01-03,1,256,4.0,3.5-4.0,False,False,,,,False
2149240,Riyadh Airport Marriott Hotel,Marriott Hotels,Direct / Brand,1365.0,1365.0,0.0,SAR,273.0,Upscale,2025-01-29,2025-02-03,5,256,4.0,3.5-4.0,False,False,,,,False
2149240,Riyadh Airport Marriott Hotel,Marriott Hotels,Direct / Brand,1481.25,1481.25,0.0,SAR,740.62,Upscale,2025-01-05,2025-01-07,2,256,4.0,3.5-4.0,False,False,,,,False
2149240,Riyadh Airport Marriott Hotel,Marriott Hotels,Direct / Brand,1436.25,1436.25,0.0,SAR,359.06,Upscale,2025-01-17,2025-01-21,4,256,4.0,3.5-4.0,False,False,,,,False
2149240,Riyadh Airport Marriott Hotel,Marriott Hotels,Direct / Brand,1440.0,1440.0,0.0,SAR,480.0,Upscale,2025-01-10,2025-01-13,3,256,4.0,3.5-4.0,False,False,,,,False
2149240,Riyadh Airport Marriott Hotel,Marriott Hotels,Direct / Brand,1601.25,1601.25,0.0,SAR,800.62,Upscale,2025-01-25,2025-01-27,2,256,4.0,3.5-4.0,False,False,,,,False
2149240,Riyadh Airport Marriott Hotel,Marriott Hotels,Direct / Brand,1353.75,1353.75,0.0,SAR,338.44,Upscale,2025-01-06,2025-01-10,4,256,4.0,3.5-4.0,False,False,,,,False
2149240,Riyadh Airport Marriott Hotel,Marriott Hotels,Direct / Brand,2501.25,2501.25,0.0,SAR,1250.62,Luxury,2025-02-10,2025-02-12,2,256,4.0,3.5-4.0,False,False,,,,False
2149240,Riyadh Airport Marriott Hotel,Marriott Hotels,Direct / Brand,2081.25,2081.25,0.0,SAR,1040.62,Luxury,2025-02-16,2025-02-18,2,256,4.0,3.5-4.0,False,False,,,,False
2149240,Riyadh Airport Marriott Hotel,Marriott Hotels,Direct / Brand,1226.25,1226.25,0.0,SAR,408.75,Upscale,2025-01-15,2025-01-18,3,256,4.0,3.5-4.0,False,False,,,,False
2149240,Riyadh Airport Marriott Hotel,Marriott Hotels,Direct / Brand,1657.5,1657.5,0.0,SAR,828.75,Luxury,2025-02-02,2025-02-04,2,256,4.0,3.5-4.0,False,False,,,,False
2149240,Riyadh Airport Marriott Hotel,Marriott Hotels,Direct / Brand,1657.5,1657.5,0.0,SAR,1657.5,Luxury,2025-02-05,2025-02-06,1,256,4.0,3.5-4.0,False,False,,,,False
2149240,Riyadh Airport Marriott Hotel,Marriott Hotels,Direct / Brand,1601.25,1601.25,0.0,SAR,320.25,Upscale,2025-01-25,2025-01-30,5,256,4.0,3.5-4.0,False,False,,,,False
2149240,Riyadh Airport Marriott Hotel,Marriott Hotels,Direct / Brand,1605.0,1605.0,0.0,SAR,321.0,Upscale,2025-01-18,2025-01-23,5,256,4.0,3.5-4.0,False,False,,,,False
2149240,Riyadh Airport Marriott Hotel,Marriott Hotels,Direct / Brand,892.5,892.5,0.0,SAR,223.12,Upscale,2024-12-28,2025-01-01,4,256,4.0,3.5-4.0,False,False,,,,False
2149240,Riyadh Airport Marriott Hotel,Marriott Hotels,Direct / Brand,2235.0,2235.0,0.0,SAR,447.0,Luxury,2025-02-09,2025-02-14,5,256,4.0,3.5-4.0,False,False,,,,False
2149240,Riyadh Airport Marriott Hotel,Marriott Hotels,Direct / Brand,1481.25,1481.25,0.0,SAR,1481.25,Upscale,2025-01-04,2025-01-05,1,256,4.0,3.5-4.0,False,False,,,,False
2149240,Riyadh Airport Marriott Hotel,Marriott Hotels,Direct / Brand,1923.75,1923.75,0.0,SAR,384.75,Luxury,2025-02-11,2025-02-16,5,256,4.0,3.5-4.0,False,False,,,,False
2149240,Riyadh Airport Marriott Hotel,Marriott Hotels,Direct / Brand,4631.25,4631.25,0.0,SAR,4631.25,Luxury,2025-02-09,2025-02-10,1,256,4.0,3.5-4.0,False,False,,,,False
2149240,Riyadh Airport Marriott Hotel,Marriott Hotels,Direct / Brand,1196.25,1196.25,0.0,SAR,598.12,Upscale,2025-01-03,2025-01-05,2,256,4.0,3.5-4.0,False,False,,,,False
2149240,Riyadh Airport Marriott Hotel,Marriott Hotels,Direct / Brand,1432.5,1432.5,0.0,SAR,358.12,Upscale,2025-01-20,2025-01-24,4,256,4.0,3.5-4.0,False,False,,,,False
2149240,Riyadh Airport Marriott Hotel,Marriott Hotels,Direct / Brand,1380.0,1380.0,0.0,SAR,460.0,Upscale,2025-01-21,2025-01-24,3,256,4.0,3.5-4.0,False,False,,,,False
2149240,Riyadh Airport Marriott Hotel,Marriott Hotels,Direct / Brand,1500.0,1500.0,0.0,SAR,375.0,Upscale,2025-01-13,2025-01-17,4,256,4.0,3.5-4.0,False,False,,,,False
2149240,Riyadh Airport Marriott Hotel,Marriott Hotels,Direct / Brand,2081.25,2081.25,0.0,SAR,2081.25,Luxury,2025-02-17,2025-02-18,1,256,4.0,3.5-4.0,False,False,,,,False
2149240,Riyadh Airport Marriott Hotel,Marriott Hotels,Direct / Brand,1601.25,1601.25,0.0,SAR,400.31,Upscale,2025-01-25,2025-01-29,4,256,4.0,3.5-4.0,False,False,,,,False
9702375,Rosh Rayhaan by Rotana,Official Site,Direct / Brand,813.75,693.75,120.0,SAR,813.75,Mid-range,2025-01-02,2025-01-03,1,1311,4.5,4.0-4.5,True,True,Free breakfast available | Free cancellation,24.700346,46.682137,True
9702375,Rosh Rayhaan by Rotana,Official Site,Direct / Brand,915.0,697.5,217.5,SAR,305.0,Upscale,2025-01-10,2025-01-13,3,1311,4.5,4.0-4.5,True,True,Free breakfast available | Free cancellation,24.700346,46.682137,True
9702375,Rosh Rayhaan by Rotana,Official Site,Direct / Brand,836.25,648.75,187.5,SAR,209.06,Upscale,2025-01-06,2025-01-10,4,1311,4.5,4.0-4.5,True,True,Free breakfast available | Free cancellation,24.700346,46.682137,True
9702375,Rosh Rayhaan by Rotana,Official Site,Direct / Brand,1743.75,1372.5,371.25,SAR,871.88,Luxury,2025-02-10,2025-02-12,2,1311,4.5,4.0-4.5,True,True,Free breakfast available | Free cancellation,24.700346,46.682137,True
9702375,Rosh Rayhaan by Rotana,Official Site,Direct / Brand,1935.0,1526.25,408.75,SAR,967.5,Luxury,2025-02-16,2025-02-18,2,1311,4.5,4.0-4.5,True,True,Free breakfast available | Free cancellation,24.700346,46.682137,True
9702375,Rosh Rayhaan by Rotana,Official Site,Direct / Brand,1136.25,866.25,270.0,SAR,378.75,Upscale,2025-01-15,2025-01-18,3,1311,4.5,4.0-4.5,True,True,Free breakfast available | Free cancellation,24.700346,46.682137,True
9702375,Rosh Rayhaan by Rotana,Official Site,Direct / Brand,1087.5,806.25,281.25,SAR,1087.5,Upscale,2024-12-20,2024-12-21,1,1311,4.5,4.0-4.5,True,True,Free breakfast available | Free cancellation,24.700346,46.682137,True
9702375,Rosh Rayhaan by Rotana,Official Site,Direct / Brand,813.75,671.25,142.5,SAR,813.75,Mid-range,2025-01-04,2025-01-05,1,1311,4.5,4.0-4.5,True,True,Free breakfast available | Free cancellation,24.700346,46.682137,True
9702375,Rosh Rayhaan by Rotana,Official Site,Direct / Brand,937.5,705.0,232.5,SAR,234.38,Upscale,2024-12-22,2024-12-26,4,1311,4.5,4.0-4.5,True,True,Free breakfast available | Free cancellation,24.700346,46.682137,True
9702375,Rosh Rayhaan by Rotana,Official Site,Direct / Brand,1413.75,1113.75,300.0,SAR,353.44,Upscale,2025-01-20,2025-01-24,4,1311,4.5,4.0-4.5,True,True,Free breakfast available | Free cancellation,24.700346,46.682137,True
9702375,Rosh Rayhaan by Rotana,Official Site,Direct / Brand,1042.5,840.0,202.5,SAR,260.62,Upscale,2025-02-13,2025-02-17,4,1311,4.5,4.0-4.5,True,True,Free breakfast available | Free cancellation,24.700346,46.682137,True
9702375,Rosh Rayhaan by Rotana,Official Site,Direct / Brand,2212.5,1743.75,468.75,SAR,2212.5,Luxury,2025-02-17,2025-02-18,1,1311,4.5,4.0-4.5,True,True,Free breakfast available | Free cancellation,24.700346,46.682137,True
9702375,Rosh Rayhaan by Rotana,Official Site,Direct / Brand,1335.0,1050.0,285.0,SAR,333.75,Upscale,2025-01-25,2025-01-29,4,1311,4.5,4.0-4.5,True,True,Free breakfast available | Free cancellation,24.700346,46.682137,True
27143516,Ross Hotel,Booking.com,OTA,633.75,633.75,0.0,SAR,158.44,Mid-range,2024-12-22,2024-12-26,4,1,5.0,4.5-5.0,False,False,,,,False
27131550,Sands Inn Hostel,Agoda.com,OTA,71.25,71.25,0.0,SAR,17.81,Budget,2024-12-22,2024-12-26,4,2,5.0,4.5-5.0,False,False,,,,False
27131550,Sands Inn Hostel,Booking.com,OTA,90.0,90.0,0.0,SAR,90.0,Budget,2025-01-02,2025-01-03,1,2,5.0,4.5-5.0,False,False,,,,False
27131550,Sands Inn Hostel,Booking.com,OTA,86.25,75.0,11.25,SAR,17.25,Budget,2025-01-29,2025-02-03,5,2,5.0,4.5-5.0,False,False,,,,False
27131550,Sands Inn Hostel,Booking.com,OTA,82.5,71.25,11.25,SAR,41.25,Budget,2024-12-23,2024-12-25,2,2,5.0,4.5-5.0,False,False,,,,False
27131550,Sands Inn Hostel,Booking.com,OTA,82.5,71.25,11.25,SAR,27.5,Budget,2025-01-25,2025-01-28,3,2,5.0,4.5-5.0,False,False,,,,False
27131550,Sands Inn Hostel,Booking.com,OTA,82.5,71.25,11.25,SAR,41.25,Budget,2025-01-05,2025-01-07,2,2,5.0,4.5-5.0,False,False,,,,False
27131550,Sands Inn Hostel,Booking.com,OTA,82.5,71.25,11.25,SAR,20.62,Budget,2025-01-17,2025-01-21,4,2,5.0,4.5-5.0,False,False,,,,False
27131550,Sands Inn Hostel,Booking.com,OTA,86.25,71.25,15.0,SAR,28.75,Budget,2025-01-10,2025-01-13,3,2,5.0,4.5-5.0,False,False,,,,False
27131550,Sands Inn Hostel,Booking.com,OTA,82.5,71.25,11.25,SAR,41.25,Budget,2025-01-25,2025-01-27,2,2,5.0,4.5-5.0,False,False,,,,False
27131550,Sands Inn Hostel,Booking.com,OTA,82.5,71.25,11.25,SAR,20.62,Budget,2025-01-06,2025-01-10,4,2,5.0,4.5-5.0,False,False,,,,False
27131550,Sands Inn Hostel,Booking.com,OTA,82.5,71.25,11.25,SAR,41.25,Budget,2025-02-10,2025-02-12,2,2,5.0,4.5-5.0,False,False,,,,False
27131550,Sands Inn Hostel,Booking.com,OTA,82.5,71.25,11.25,SAR,41.25,Budget,2025-02-16,2025-02-18,2,2,5.0,4.5-5.0,False,False,,,,False
27131550,Sands Inn Hostel,Booking.com,OTA,90.0,75.0,15.0,SAR,30.0,Budget,2025-01-15,2025-01-18,3,2,5.0,4.5-5.0,False,False,,,,False
27131550,Sands Inn Hostel,Booking.com,OTA,82.5,71.25,11.25,SAR,41.25,Budget,2025-02-02,2025-02-04,2,2,5.0,4.5-5.0,False,False,,,,False
27131550,Sands Inn Hostel,Booking.com,OTA,82.5,82.5,0.0,SAR,82.5,Budget,2025-02-05,2025-02-06,1,2,5.0,4.5-5.0,False,False,,,,False
27131550,Sands Inn Hostel,Booking.com,OTA,82.5,71.25,11.25,SAR,16.5,Budget,2025-01-25,2025-01-30,5,2,5.0,4.5-5.0,False,False,,,,False
27131550,Sands Inn Hostel,Booking.com,OTA,82.5,71.25,11.25,SAR,16.5,Budget,2025-01-18,2025-01-23,5,2,5.0,4.5-5.0,False,False,,,,False
27131550,Sands Inn Hostel,Booking.com,OTA,82.5,71.25,11.25,SAR,20.62,Budget,2024-12-28,2025-01-01,4,2,5.0,4.5-5.0,False,False,,,,False
27131550,Sands Inn Hostel,Booking.com,OTA,82.5,71.25,11.25,SAR,16.5,Budget,2025-02-09,2025-02-14,5,2,5.0,4.5-5.0,False,False,,,,False
27131550,Sands Inn Hostel,Booking.com,OTA,90.0,82.5,7.5,SAR,90.0,Budget,2024-12-20,2024-12-21,1,2,5.0,4.5-5.0,False,False,,,,False
27131550,Sands Inn Hostel,Booking.com,OTA,82.5,71.25,11.25,SAR,82.5,Budget,2025-01-04,2025-01-05,1,2,5.0,4.5-5.0,False,False,,,,False
27131550,Sands Inn Hostel,Booking.com,OTA,86.25,75.0,11.25,SAR,17.25,Budget,2025-02-11,2025-02-16,5,2,5.0,4.5-5.0,False,False,,,,False
27131550,Sands Inn Hostel,Booking.com,OTA,82.5,71.25,11.25,SAR,82.5,Budget,2025-02-09,2025-02-10,1,2,5.0,4.5-5.0,False,False,,,,False
27131550,Sands Inn Hostel,Booking.com,OTA,86.25,75.0,11.25,SAR,43.12,Budget,2025-01-03,2025-01-05,2,2,5.0,4.5-5.0,False,False,,,,False
27131550,Sands Inn Hostel,Booking.com,OTA,82.5,71.25,11.25,SAR,20.62,Budget,2025-01-20,2025-01-24,4,2,5.0,4.5-5.0,False,False,,,,False
27131550,Sands Inn Hostel,Booking.com,OTA,86.25,75.0,11.25,SAR,21.56,Budget,2025-02-13,2025-02-17,4,2,5.0,4.5-5.0,False,False,,,,False
27131550,Sands Inn Hostel,Booking.com,OTA,86.25,71.25,15.0,SAR,28.75,Budget,2025-01-21,2025-01-24,3,2,5.0,4.5-5.0,False,False,,,,False
27131550,Sands Inn Hostel,Booking.com,OTA,82.5,71.25,11.25,SAR,20.62,Budget,2025-01-13,2025-01-17,4,2,5.0,4.5-5.0,False,False,,,,False
27131550,Sands Inn Hostel,Booking.com,OTA,82.5,71.25,11.25,SAR,82.5,Budget,2025-02-17,2025-02-18,1,2,5.0,4.5-5.0,False,False,,,,False
27131550,Sands Inn Hostel,Booking.com,OTA,82.5,71.25,11.25,SAR,20.62,Budget,2025-01-25,2025-01-29,4,2,5.0,4.5-5.0,False,False,,,,False
15239002,Shaza Riyadh,Booking.com,OTA,652.5,652.5,0.0,SAR,652.5,Mid-range,2025-01-02,2025-01-03,1,176,4.5,4.0-4.5,True,True,"Free breakfast available | Free cancellation • Reserve now, pay at stay",24.675924,46.7792,True
15239002,Shaza Riyadh,Booking.com,OTA,652.5,652.5,0.0,SAR,130.5,Mid-range,2025-01-29,2025-02-03,5,176,4.5,4.0-4.5,True,True,"Free breakfast available | Free cancellation • Reserve now, pay at stay",24.675924,46.7792,True
15239002,Shaza Riyadh,Booking.com,OTA,600.0,600.0,0.0,SAR,300.0,Mid-range,2024-12-23,2024-12-25,2,176,4.5,4.0-4.5,True,False,"Free breakfast available | Reserve now, pay at stay",24.675924,46.7792,True
15239002,Shaza Riyadh,Booking.com,OTA,761.25,761.25,0.0,SAR,253.75,Mid-range,2025-01-25,2025-01-28,3,176,4.5,4.0-4.5,True,True,"Free breakfast available | Free cancellation • Reserve now, pay at stay",24.675924,46.7792,True
15239002,Shaza Riyadh,Booking.com,OTA,652.5,652.5,0.0,SAR,326.25,Mid-range,2025-01-05,2025-01-07,2,176,4.5,4.0-4.5,True,True,"Free breakfast available | Free cancellation • Reserve now, pay at stay",24.675924,46.7792,True
15239002,Shaza Riyadh,Booking.com,OTA,813.75,813.75,0.0,SAR,203.44,Mid-range,2025-01-17,2025-01-21,4,176,4.5,4.0-4.5,True,True,"Free breakfast available | Free cancellation • Reserve now, pay at stay",24.675924,46.7792,True
15239002,Shaza Riyadh,Booking.com,OTA,723.75,671.25,52.5,SAR,241.25,Mid-range,2025-01-10,2025-01-13,3,176,4.5,4.0-4.5,True,True,"Free breakfast available | Free cancellation • Reserve now, pay at stay",24.675924,46.7792,True
15239002,Shaza Riyadh,Booking.com,OTA,735.0,735.0,0.0,SAR,367.5,Mid-range,2025-01-25,2025-01-27,2,176,4.5,4.0-4.5,True,True,"Free breakfast available | Free cancellation • Reserve now, pay at stay",24.675924,46.7792,True
15239002,Shaza Riyadh,Booking.com,OTA,652.5,652.5,0.0,SAR,163.12,Mid-range,2025-01-06,2025-01-10,4,176,4.5,4.0-4.5,True,True,"Free breakfast available | Free cancellation • Reserve now, pay at stay",24.675924,46.7792,True
15239002,Shaza Riyadh,Booking.com,OTA,978.75,978.75,0.0,SAR,489.38,Upscale,2025-02-10,2025-02-12,2,176,4.5,4.0-4.5,True,True,"Free breakfast available | Free cancellation • Reserve now, pay at stay",24.675924,46.7792,True
15239002,Shaza Riyadh,Booking.com,OTA,870.0,870.0,0.0,SAR,435.0,Upscale,2025-02-16,2025-02-18,2,176,4.5,4.0-4.5,True,True,"Free breakfast available | Free cancellation • Reserve now, pay at stay",24.675924,46.7792,True
15239002,Shaza Riyadh,Booking.com,OTA,798.75,753.75,45.0,SAR,266.25,Mid-range,2025-01-15,2025-01-18,3,176,4.5,4.0-4.5,True,True,"Free breakfast available | Free cancellation • Reserve now, pay at stay",24.675924,46.7792,True
15239002,Shaza Riyadh,Booking.com,OTA,652.5,652.5,0.0,SAR,326.25,Mid-range,2025-02-02,2025-02-04,2,176,4.5,4.0-4.5,True,True,"Free breakfast available | Free cancellation • Reserve now, pay at stay",24.675924,46.7792,True
15239002,Shaza Riyadh,Booking.com,OTA,652.5,652.5,0.0,SAR,652.5,Mid-range,2025-02-05,2025-02-06,1,176,4.5,4.0-4.5,True,True,"Free breakfast available | Free cancellation • Reserve now, pay at stay",24.675924,46.7792,True
15239002,Shaza Riyadh,Booking.com,OTA,750.0,746.25,3.75,SAR,150.0,Mid-range,2025-01-25,2025-01-30,5,176,4.5,4.0-4.5,True,True,"Free breakfast available | Free cancellation • Reserve now, pay at stay",24.675924,46.7792,True
15239002,Shaza Riyadh,Booking.com,OTA,870.0,870.0,0.0,SAR,174.0,Upscale,2025-01-18,2025-01-23,5,176,4.5,4.0-4.5,True,True,"Free breakfast available | Free cancellation • Reserve now, pay at stay",24.675924,46.7792,True
15239002,Shaza Riyadh,Booking.com,OTA,600.0,600.0,0.0,SAR,150.0,Mid-range,2024-12-28,2025-01-01,4,176,4.5,4.0-4.5,True,True,"Free breakfast available | Free cancellation • Reserve now, pay at stay",24.675924,46.7792,True
15239002,Shaza Riyadh,Booking.com,OTA,922.5,840.0,82.5,SAR,184.5,Upscale,2025-02-09,2025-02-14,5,176,4.5,4.0-4.5,True,True,"Free breakfast available | Free cancellation • Reserve now, pay at stay",24.675924,46.7792,True
15239002,Shaza Riyadh,Booking.com,OTA,615.0,615.0,0.0,SAR,615.0,Mid-range,2024-12-20,2024-12-21,1,176,4.5,4.0-4.5,True,False,"Free breakfast available | Reserve now, pay at stay",24.675924,46.7792,True
15239002,Shaza Riyadh,Booking.com,OTA,652.5,652.5,0.0,SAR,652.5,Mid-range,2025-01-04,2025-01-05,1,176,4.5,4.0-4.5,True,True,"Free breakfast available | Free cancellation • Reserve now, pay at stay",24.675924,46.7792,True
15239002,Shaza Riyadh,Booking.com,OTA,813.75,813.75,0.0,SAR,162.75,Mid-range,2025-02-11,2025-02-16,5,176,4.5,4.0-4.5,True,True,"Free breakfast available | Free cancellation • Reserve now, pay at stay",24.675924,46.7792,True
15239002,Shaza Riyadh,Booking.com,OTA,600.0,600.0,0.0,SAR,150.0,Mid-range,2024-12-22,2024-12-26,4,176,4.5,4.0-4.5,True,False,"Free breakfast available | Reserve now, pay at stay",24.675924,46.7792,True
15239002,Shaza Riyadh,Booking.com,OTA,978.75,753.75,225.0,SAR,978.75,Upscale,2025-02-09,2025-02-10,1,176,4.5,4.0-4.5,True,True,"Free breakfast available | Free cancellation • Reserve now, pay at stay",24.675924,46.7792,True
15239002,Shaza Riyadh,Booking.com,OTA,652.5,652.5,0.0,SAR,326.25,Mid-range,2025-01-03,2025-01-05,2,176,4.5,4.0-4.5,True,True,"Free breakfast available | Free cancellation • Reserve now, pay at stay",24.675924,46.7792,True
15239002,Shaza Riyadh,Booking.com,OTA,870.0,870.0,0.0,SAR,217.5,Upscale,2025-01-20,2025-01-24,4,176,4.5,4.0-4.5,True,True,"Free breakfast available | Free cancellation • Reserve now, pay at stay",24.675924,46.7792,True
15239002,Shaza Riyadh,Booking.com,OTA,746.25,746.25,0.0,SAR,186.56,Mid-range,2025-02-13,2025-02-17,4,176,4.5,4.0-4.5,True,True,"Free breakfast available | Free cancellation • Reserve now, pay at stay",24.675924,46.7792,True
15239002,Shaza Riyadh,Booking.com,OTA,870.0,870.0,0.0,SAR,290.0,Upscale,2025-01-21,2025-01-24,3,176,4.5,4.0-4.5,True,True,"Free breakfast available | Free cancellation • Reserve now, pay at stay",24.675924,46.7792,True
15239002,Shaza Riyadh,Booking.com,OTA,870.0,783.75,86.25,SAR,217.5,Upscale,2025-01-13,2025-01-17,4,176,4.5,4.0-4.5,True,True,"Free breakfast available | Free cancellation • Reserve now, pay at stay",24.675924,46.7792,True
15239002,Shaza Riyadh,Booking.com,OTA,870.0,870.0,0.0,SAR,870.0,Upscale,2025-02-17,2025-02-18,1,176,4.5,4.0-4.5,True,True,"Free breakfast available | Free cancellation • Reserve now, pay at stay",24.675924,46.7792,True
15239002,Shaza Riyadh,Booking.com,OTA,776.25,671.25,105.0,SAR,194.06,Mid-range,2025-01-25,2025-01-29,4,176,4.5,4.0-4.5,True,True,"Free breakfast available | Free cancellation • Reserve now, pay at stay",24.675924,46.7792,True
301864,Sheraton Riyadh Hotel & Towers,Booking.com,OTA,888.75,888.75,0.0,SAR,444.38,Upscale,2024-12-23,2024-12-25,2,407,4.0,3.5-4.0,False,False,,,,False
301864,Sheraton Riyadh Hotel & Towers,Booking.com,OTA,1207.5,1207.5,0.0,SAR,402.5,Upscale,2025-01-25,2025-01-28,3,407,4.0,3.5-4.0,True,True,"Free breakfast available | Free cancellation • Reserve now, pay at stay",,,False
301864,Sheraton Riyadh Hotel & Towers,Booking.com,OTA,1260.0,1091.25,168.75,SAR,630.0,Upscale,2025-01-05,2025-01-07,2,407,4.0,3.5-4.0,False,False,,,,False
301864,Sheraton Riyadh Hotel & Towers,Booking.com,OTA,1233.75,1061.25,172.5,SAR,308.44,Upscale,2025-01-17,2025-01-21,4,407,4.0,3.5-4.0,False,False,,,,False
301864,Sheraton Riyadh Hotel & Towers,Booking.com,OTA,821.25,821.25,0.0,SAR,273.75,Upscale,2025-01-10,2025-01-13,3,407,4.0,3.5-4.0,False,False,,,,False
301864,Sheraton Riyadh Hotel & Towers,Booking.com,OTA,1061.25,1061.25,0.0,SAR,530.62,Upscale,2025-01-25,2025-01-27,2,407,4.0,3.5-4.0,False,False,,,,False
301864,Sheraton Riyadh Hotel & Towers,Booking.com,OTA,1173.75,1005.0,168.75,SAR,293.44,Upscale,2025-01-06,2025-01-10,4,407,4.0,3.5-4.0,False,False,,,,False
301864,Sheraton Riyadh Hotel & Towers,Booking.com,OTA,1548.75,1548.75,0.0,SAR,774.38,Upscale,2025-02-16,2025-02-18,2,407,4.0,3.5-4.0,False,False,,,,False
301864,Sheraton Riyadh Hotel & Towers,Booking.com,OTA,705.0,705.0,0.0,SAR,235.0,Mid-range,2025-01-15,2025-01-18,3,407,4.0,3.5-4.0,True,True,"Free breakfast available | Free cancellation • Reserve now, pay at stay",,,False
301864,Sheraton Riyadh Hotel & Towers,Booking.com,OTA,1518.75,1518.75,0.0,SAR,759.38,Upscale,2025-02-02,2025-02-04,2,407,4.0,3.5-4.0,False,False,,,,False
301864,Sheraton Riyadh Hotel & Towers,Booking.com,OTA,1443.75,1293.75,150.0,SAR,288.75,Upscale,2025-01-18,2025-01-23,5,407,4.0,3.5-4.0,False,False,,,,False
301864,Sheraton Riyadh Hotel & Towers,Booking.com,OTA,573.75,573.75,0.0,SAR,573.75,Budget,2024-12-20,2024-12-21,1,407,4.0,3.5-4.0,False,False,,,,False
301864,Sheraton Riyadh Hotel & Towers,Booking.com,OTA,817.5,817.5,0.0,SAR,204.38,Upscale,2024-12-22,2024-12-26,4,407,4.0,3.5-4.0,False,False,,,,False
301864,Sheraton Riyadh Hotel & Towers,Booking.com,OTA,641.25,603.75,37.5,SAR,320.62,Mid-range,2025-01-03,2025-01-05,2,407,4.0,3.5-4.0,False,False,,,,False
301864,Sheraton Riyadh Hotel & Towers,Booking.com,OTA,1417.5,1275.0,142.5,SAR,354.38,Upscale,2025-01-20,2025-01-24,4,407,4.0,3.5-4.0,False,False,,,,False
301864,Sheraton Riyadh Hotel & Towers,Booking.com,OTA,960.0,960.0,0.0,SAR,240.0,Upscale,2025-02-13,2025-02-17,4,407,4.0,3.5-4.0,False,False,,,,False
301864,Sheraton Riyadh Hotel & Towers,Booking.com,OTA,1320.0,1147.5,172.5,SAR,440.0,Upscale,2025-01-21,2025-01-24,3,407,4.0,3.5-4.0,False,False,,,,False
301864,Sheraton Riyadh Hotel & Towers,Booking.com,OTA,1312.5,1312.5,0.0,SAR,328.12,Upscale,2025-01-25,2025-01-29,4,407,4.0,3.5-4.0,True,True,"Free breakfast available | Free cancellation • Reserve now, pay at stay",,,False
301864,Sheraton Riyadh Hotel & Towers,Marriott,Direct / Brand,573.75,573.75,0.0,SAR,573.75,Budget,2025-01-02,2025-01-03,1,407,4.0,3.5-4.0,False,False,,,,False
301864,Sheraton Riyadh Hotel & Towers,Marriott,Direct / Brand,918.75,918.75,0.0,SAR,183.75,Upscale,2025-01-29,2025-02-03,5,407,4.0,3.5-4.0,False,False,,,,False
301864,Sheraton Riyadh Hotel & Towers,Marriott,Direct / Brand,1260.0,1260.0,0.0,SAR,1260.0,Upscale,2025-02-05,2025-02-06,1,407,4.0,3.5-4.0,False,False,,,,False
301864,Sheraton Riyadh Hotel & Towers,Marriott,Direct / Brand,1226.25,1226.25,0.0,SAR,245.25,Upscale,2025-01-25,2025-01-30,5,407,4.0,3.5-4.0,False,False,,,,False
301864,Sheraton Riyadh Hotel & Towers,Marriott,Direct / Brand,731.25,731.25,0.0,SAR,182.81,Mid-range,2024-12-28,2025-01-01,4,407,4.0,3.5-4.0,False,False,,,,False
301864,Sheraton Riyadh Hotel & Towers,Marriott,Direct / Brand,1515.0,1515.0,0.0,SAR,303.0,Upscale,2025-02-09,2025-02-14,5,407,4.0,3.5-4.0,False,False,,,,False
301864,Sheraton Riyadh Hotel & Towers,Marriott,Direct / Brand,630.0,630.0,0.0,SAR,630.0,Mid-range,2025-01-04,2025-01-05,1,407,4.0,3.5-4.0,False,False,,,,False
301864,Sheraton Riyadh Hotel & Towers,Marriott,Direct / Brand,1140.0,1140.0,0.0,SAR,228.0,Upscale,2025-02-11,2025-02-16,5,407,4.0,3.5-4.0,False,False,,,,False
301864,Sheraton Riyadh Hotel & Towers,Marriott,Direct / Brand,1605.0,1605.0,0.0,SAR,1605.0,Upscale,2025-02-09,2025-02-10,1,407,4.0,3.5-4.0,False,False,,,,False
301864,Sheraton Riyadh Hotel & Towers,Marriott,Direct / Brand,2621.25,2621.25,0.0,SAR,655.31,Luxury,2025-01-13,2025-01-17,4,407,4.0,3.5-4.0,True,True,"Free breakfast available | Free cancellation • Reserve now, pay at stay",,,False
301864,Sheraton Riyadh Hotel & Towers,Sheraton.com,Direct / Brand,918.75,918.75,0.0,SAR,183.75,Upscale,2025-01-29,2025-02-03,5,407,4.0,3.5-4.0,False,False,,,,False
301864,Sheraton Riyadh Hotel & Towers,Sheraton.com,Direct / Brand,1207.5,1207.5,0.0,SAR,402.5,Upscale,2025-01-25,2025-01-28,3,407,4.0,3.5-4.0,True,True,"Free breakfast available | Free cancellation • Reserve now, pay at stay",,,False
301864,Sheraton Riyadh Hotel & Towers,Sheraton.com,Direct / Brand,1207.5,1207.5,0.0,SAR,402.5,Upscale,2025-01-25,2025-01-28,3,407,4.0,3.5-4.0,True,True,"Free breakfast available | Free cancellation • Reserve now, pay at stay",,,False
301864,Sheraton Riyadh Hotel & Towers,Sheraton.com,Direct / Brand,1091.25,1091.25,0.0,SAR,545.62,Upscale,2025-01-05,2025-01-07,2,407,4.0,3.5-4.0,False,False,,,,False
301864,Sheraton Riyadh Hotel & Towers,Sheraton.com,Direct / Brand,1091.25,1091.25,0.0,SAR,545.62,Upscale,2025-01-05,2025-01-07,2,407,4.0,3.5-4.0,False,False,,,,False
301864,Sheraton Riyadh Hotel & Towers,Sheraton.com,Direct / Brand,1061.25,1061.25,0.0,SAR,265.31,Upscale,2025-01-17,2025-01-21,4,407,4.0,3.5-4.0,False,False,,,,False
301864,Sheraton Riyadh Hotel & Towers,Sheraton.com,Direct / Brand,1061.25,1061.25,0.0,SAR,265.31,Upscale,2025-01-17,2025-01-21,4,407,4.0,3.5-4.0,False,False,,,,False
301864,Sheraton Riyadh Hotel & Towers,Sheraton.com,Direct / Brand,900.0,900.0,0.0,SAR,300.0,Upscale,2025-01-10,2025-01-13,3,407,4.0,3.5-4.0,False,False,,,,False
301864,Sheraton Riyadh Hotel & Towers,Sheraton.com,Direct / Brand,1061.25,1061.25,0.0,SAR,530.62,Upscale,2025-01-25,2025-01-27,2,407,4.0,3.5-4.0,False,False,,,,False
301864,Sheraton Riyadh Hotel & Towers,Sheraton.com,Direct / Brand,1005.0,1005.0,0.0,SAR,251.25,Upscale,2025-01-06,2025-01-10,4,407,4.0,3.5-4.0,False,False,,,,False
301864,Sheraton Riyadh Hotel & Towers,Sheraton.com,Direct / Brand,8587.5,8587.5,0.0,SAR,4293.75,Luxury,2025-02-10,2025-02-12,2,407,4.0,3.5-4.0,True,True,"Free breakfast available | Free cancellation • Reserve now, pay at stay",,,False
301864,Sheraton Riyadh Hotel & Towers,Sheraton.com,Direct / Brand,1548.75,1548.75,0.0,SAR,774.38,Upscale,2025-02-16,2025-02-18,2,407,4.0,3.5-4.0,False,False,,,,False
301864,Sheraton Riyadh Hotel & Towers,Sheraton.com,Direct / Brand,1548.75,1548.75,0.0,SAR,774.38,Upscale,2025-02-16,2025-02-18,2,407,4.0,3.5-4.0,False,False,,,,False
301864,Sheraton Riyadh Hotel & Towers,Sheraton.com,Direct / Brand,708.75,708.75,0.0,SAR,236.25,Mid-range,2025-01-15,2025-01-18,3,407,4.0,3.5-4.0,True,False,"Free breakfast available | Reserve now, pay at stay",,,False
301864,Sheraton Riyadh Hotel & Towers,Sheraton.com,Direct / Brand,708.75,708.75,0.0,SAR,236.25,Mid-range,2025-01-15,2025-01-18,3,407,4.0,3.5-4.0,True,False,"Free breakfast available | Reserve now, pay at stay",,,False
301864,Sheraton Riyadh Hotel & Towers,Sheraton.com,Direct / Brand,1518.75,1518.75,0.0,SAR,759.38,Upscale,2025-02-02,2025-02-04,2,407,4.0,3.5-4.0,False,False,,,,False
301864,Sheraton Riyadh Hotel & Towers,Sheraton.com,Direct / Brand,1260.0,1260.0,0.0,SAR,1260.0,Upscale,2025-02-05,2025-02-06,1,407,4.0,3.5-4.0,False,False,,,,False
301864,Sheraton Riyadh Hotel & Towers,Sheraton.com,Direct / Brand,1260.0,1260.0,0.0,SAR,1260.0,Upscale,2025-02-05,2025-02-06,1,407,4.0,3.5-4.0,False,False,,,,False
301864,Sheraton Riyadh Hotel & Towers,Sheraton.com,Direct / Brand,1226.25,1226.25,0.0,SAR,245.25,Upscale,2025-01-25,2025-01-30,5,407,4.0,3.5-4.0,False,False,,,,False
301864,Sheraton Riyadh Hotel & Towers,Sheraton.com,Direct / Brand,1293.75,1293.75,0.0,SAR,258.75,Upscale,2025-01-18,2025-01-23,5,407,4.0,3.5-4.0,False,False,,,,False
301864,Sheraton Riyadh Hotel & Towers,Sheraton.com,Direct / Brand,731.25,731.25,0.0,SAR,182.81,Mid-range,2024-12-28,2025-01-01,4,407,4.0,3.5-4.0,False,False,,,,False
301864,Sheraton Riyadh Hotel & Towers,Sheraton.com,Direct / Brand,630.0,630.0,0.0,SAR,630.0,Mid-range,2025-01-04,2025-01-05,1,407,4.0,3.5-4.0,False,False,,,,False
301864,Sheraton Riyadh Hotel & Towers,Sheraton.com,Direct / Brand,1140.0,1140.0,0.0,SAR,228.0,Upscale,2025-02-11,2025-02-16,5,407,4.0,3.5-4.0,False,False,,,,False
301864,Sheraton Riyadh Hotel & Towers,Sheraton.com,Direct / Brand,1605.0,1605.0,0.0,SAR,1605.0,Upscale,2025-02-09,2025-02-10,1,407,4.0,3.5-4.0,False,False,,,,False
301864,Sheraton Riyadh Hotel & Towers,Sheraton.com,Direct / Brand,1605.0,1605.0,0.0,SAR,1605.0,Upscale,2025-02-09,2025-02-10,1,407,4.0,3.5-4.0,False,False,,,,False
301864,Sheraton Riyadh Hotel & Towers,Sheraton.com,Direct / Brand,603.75,603.75,0.0,SAR,301.88,Mid-range,2025-01-03,2025-01-05,2,407,4.0,3.5-4.0,False,False,,,,False
301864,Sheraton Riyadh Hotel & Towers,Sheraton.com,Direct / Brand,1275.0,1275.0,0.0,SAR,318.75,Upscale,2025-01-20,2025-01-24,4,407,4.0,3.5-4.0,False,False,,,,False
301864,Sheraton Riyadh Hotel & Towers,Sheraton.com,Direct / Brand,960.0,960.0,0.0,SAR,240.0,Upscale,2025-02-13,2025-02-17,4,407,4.0,3.5-4.0,False,False,,,,False
301864,Sheraton Riyadh Hotel & Towers,Sheraton.com,Direct / Brand,1185.0,1185.0,0.0,SAR,395.0,Upscale,2025-01-21,2025-01-24,3,407,4.0,3.5-4.0,False,False,,,,False
301864,Sheraton Riyadh Hotel & Towers,Sheraton.com,Direct / Brand,1185.0,1185.0,0.0,SAR,395.0,Upscale,2025-01-21,2025-01-24,3,407,4.0,3.5-4.0,False,False,,,,False
301864,Sheraton Riyadh Hotel & Towers,Sheraton.com,Direct / Brand,2621.25,2621.25,0.0,SAR,655.31,Luxury,2025-01-13,2025-01-17,4,407,4.0,3.5-4.0,True,True,"Free breakfast available | Free cancellation • Reserve now, pay at stay",,,False
301864,Sheraton Riyadh Hotel & Towers,Sheraton.com,Direct / Brand,8617.5,8617.5,0.0,SAR,8617.5,Luxury,2025-02-17,2025-02-18,1,407,4.0,3.5-4.0,True,True,"Free breakfast available | Free cancellation • Reserve now, pay at stay",,,False
301864,Sheraton Riyadh Hotel & Towers,Sheraton.com,Direct / Brand,1312.5,1312.5,0.0,SAR,328.12,Upscale,2025-01-25,2025-01-29,4,407,4.0,3.5-4.0,True,True,"Free breakfast available | Free cancellation • Reserve now, pay at stay",,,False
301864,Sheraton Riyadh Hotel & Towers,Trip.com,OTA,8613.75,7.5,8606.25,SAR,8613.75,Luxury,2025-02-17,2025-02-18,1,407,4.0,3.5-4.0,True,True,"Free breakfast available | Free cancellation • Reserve now, pay at stay",,,False
10131963,Spectrums Hotel Riyadh,Booking.com,OTA,562.5,562.5,0.0,SAR,562.5,Budget,2025-01-02,2025-01-03,1,189,4.5,4.0-4.5,True,True,Free breakfast available | Free cancellation,24.700665,46.678635,True
10131963,Spectrums Hotel Riyadh,Booking.com,OTA,596.25,596.25,0.0,SAR,119.25,Mid-range,2025-01-29,2025-02-03,5,189,4.5,4.0-4.5,True,True,Free breakfast available | Free cancellation,24.700665,46.678635,True
10131963,Spectrums Hotel Riyadh,Booking.com,OTA,551.25,551.25,0.0,SAR,275.62,Budget,2024-12-23,2024-12-25,2,189,4.5,4.0-4.5,True,True,Free breakfast available | Free cancellation,24.700665,46.678635,True
10131963,Spectrums Hotel Riyadh,Booking.com,OTA,603.75,603.75,0.0,SAR,201.25,Mid-range,2025-01-25,2025-01-28,3,189,4.5,4.0-4.5,True,True,Free breakfast available | Free cancellation,24.700665,46.678635,True
10131963,Spectrums Hotel Riyadh,Booking.com,OTA,600.0,600.0,0.0,SAR,300.0,Mid-range,2025-01-05,2025-01-07,2,189,4.5,4.0-4.5,False,False,,24.700665,46.678635,True
10131963,Spectrums Hotel Riyadh,Booking.com,OTA,618.75,618.75,0.0,SAR,154.69,Mid-range,2025-01-17,2025-01-21,4,189,4.5,4.0-4.5,True,True,Free breakfast available | Free cancellation,24.700665,46.678635,True
10131963,Spectrums Hotel Riyadh,Booking.com,OTA,600.0,600.0,0.0,SAR,200.0,Mid-range,2025-01-10,2025-01-13,3,189,4.5,4.0-4.5,True,True,Free breakfast available | Free cancellation,24.700665,46.678635,True
10131963,Spectrums Hotel Riyadh,Booking.com,OTA,588.75,588.75,0.0,SAR,294.38,Budget,2025-01-25,2025-01-27,2,189,4.5,4.0-4.5,True,True,Free breakfast available | Free cancellation,24.700665,46.678635,True
10131963,Spectrums Hotel Riyadh,Booking.com,OTA,645.0,607.5,37.5,SAR,161.25,Mid-range,2025-01-06,2025-01-10,4,189,4.5,4.0-4.5,True,True,Free breakfast available | Free cancellation,24.700665,46.678635,True
10131963,Spectrums Hotel Riyadh,Booking.com,OTA,641.25,615.0,26.25,SAR,320.62,Mid-range,2025-02-10,2025-02-12,2,189,4.5,4.0-4.5,True,True,Free breakfast available | Free cancellation,24.700665,46.678635,True
10131963,Spectrums Hotel Riyadh,Booking.com,OTA,641.25,615.0,26.25,SAR,320.62,Mid-range,2025-02-16,2025-02-18,2,189,4.5,4.0-4.5,True,True,Free breakfast available | Free cancellation,24.700665,46.678635,True
10131963,Spectrums Hotel Riyadh,Booking.com,OTA,615.0,615.0,0.0,SAR,205.0,Mid-range,2025-01-15,2025-01-18,3,189,4.5,4.0-4.5,False,False,,24.700665,46.678635,True
10131963,Spectrums Hotel Riyadh,Booking.com,OTA,611.25,611.25,0.0,SAR,305.62,Mid-range,2025-02-02,2025-02-04,2,189,4.5,4.0-4.5,False,False,,24.700665,46.678635,True
10131963,Spectrums Hotel Riyadh,Booking.com,OTA,641.25,596.25,45.0,SAR,641.25,Mid-range,2025-02-05,2025-02-06,1,189,4.5,4.0-4.5,True,True,Free breakfast available | Free cancellation,24.700665,46.678635,True
10131963,Spectrums Hotel Riyadh,Booking.com,OTA,618.75,607.5,11.25,SAR,123.75,Mid-range,2025-01-25,2025-01-30,5,189,4.5,4.0-4.5,True,True,Free breakfast available | Free cancellation,24.700665,46.678635,True
10131963,Spectrums Hotel Riyadh,Booking.com,OTA,618.75,607.5,11.25,SAR,123.75,Mid-range,2025-01-18,2025-01-23,5,189,4.5,4.0-4.5,True,True,Free breakfast available | Free cancellation,24.700665,46.678635,True
10131963,Spectrums Hotel Riyadh,Booking.com,OTA,562.5,562.5,0.0,SAR,140.62,Budget,2024-12-28,2025-01-01,4,189,4.5,4.0-4.5,True,True,Free breakfast available | Free cancellation,24.700665,46.678635,True
10131963,Spectrums Hotel Riyadh,Booking.com,OTA,641.25,618.75,22.5,SAR,128.25,Mid-range,2025-02-09,2025-02-14,5,189,4.5,4.0-4.5,True,True,Free breakfast available | Free cancellation,24.700665,46.678635,True
10131963,Spectrums Hotel Riyadh,Booking.com,OTA,540.0,540.0,0.0,SAR,540.0,Budget,2024-12-20,2024-12-21,1,189,4.5,4.0-4.5,False,False,,24.700665,46.678635,True
10131963,Spectrums Hotel Riyadh,Booking.com,OTA,562.5,562.5,0.0,SAR,562.5,Budget,2025-01-04,2025-01-05,1,189,4.5,4.0-4.5,True,True,Free breakfast available | Free cancellation,24.700665,46.678635,True
10131963,Spectrums Hotel Riyadh,Booking.com,OTA,596.25,596.25,0.0,SAR,119.25,Mid-range,2025-02-11,2025-02-16,5,189,4.5,4.0-4.5,True,True,Free breakfast available | Free cancellation,24.700665,46.678635,True
10131963,Spectrums Hotel Riyadh,Booking.com,OTA,555.0,555.0,0.0,SAR,138.75,Budget,2024-12-22,2024-12-26,4,189,4.5,4.0-4.5,True,True,Free breakfast available | Free cancellation,24.700665,46.678635,True
10131963,Spectrums Hotel Riyadh,Booking.com,OTA,641.25,596.25,45.0,SAR,641.25,Mid-range,2025-02-09,2025-02-10,1,189,4.5,4.0-4.5,True,True,Free breakfast available | Free cancellation,24.700665,46.678635,True
10131963,Spectrums Hotel Riyadh,Booking.com,OTA,562.5,562.5,0.0,SAR,281.25,Budget,2025-01-03,2025-01-05,2,189,4.5,4.0-4.5,True,True,Free breakfast available | Free cancellation,24.700665,46.678635,True
10131963,Spectrums Hotel Riyadh,Booking.com,OTA,607.5,607.5,0.0,SAR,151.88,Mid-range,2025-01-20,2025-01-24,4,189,4.5,4.0-4.5,False,False,,24.700665,46.678635,True
10131963,Spectrums Hotel Riyadh,Booking.com,OTA,588.75,588.75,0.0,SAR,147.19,Budget,2025-02-13,2025-02-17,4,189,4.5,4.0-4.5,True,True,Free breakfast available | Free cancellation,24.700665,46.678635,True
10131963,Spectrums Hotel Riyadh,Booking.com,OTA,603.75,603.75,0.0,SAR,201.25,Mid-range,2025-01-21,2025-01-24,3,189,4.5,4.0-4.5,False,False,,24.700665,46.678635,True
10131963,Spectrums Hotel Riyadh,Booking.com,OTA,607.5,607.5,0.0,SAR,151.88,Mid-range,2025-01-13,2025-01-17,4,189,4.5,4.0-4.5,False,False,,24.700665,46.678635,True
10131963,Spectrums Hotel Riyadh,Booking.com,OTA,641.25,596.25,45.0,SAR,641.25,Mid-range,2025-02-17,2025-02-18,1,189,4.5,4.0-4.5,True,True,Free breakfast available | Free cancellation,24.700665,46.678635,True
10131963,Spectrums Hotel Riyadh,Booking.com,OTA,615.0,615.0,0.0,SAR,153.75,Mid-range,2025-01-25,2025-01-29,4,189,4.5,4.0-4.5,True,True,Free breakfast available | Free cancellation,24.700665,46.678635,True
27514929,The Land Resort,Booking.com,OTA,2066.25,2066.25,0.0,SAR,516.56,Luxury,2024-12-22,2024-12-26,4,1,5.0,4.5-5.0,False,False,,,,False
2366709,The Ritz-Carlton Riyadh,Booking.com,OTA,4571.25,3.75,4567.5,SAR,914.25,Luxury,2025-01-29,2025-02-03,5,1045,4.5,4.0-4.5,False,False,,,,False
2366709,The Ritz-Carlton Riyadh,Booking.com,OTA,6330.0,3.75,6326.25,SAR,3165.0,Luxury,2024-12-23,2024-12-25,2,1045,4.5,4.0-4.5,False,False,,,,False
2366709,The Ritz-Carlton Riyadh,Booking.com,OTA,5317.5,3.75,5313.75,SAR,1772.5,Luxury,2025-01-25,2025-01-28,3,1045,4.5,4.0-4.5,False,False,,,,False
2366709,The Ritz-Carlton Riyadh,Booking.com,OTA,3015.0,3015.0,0.0,SAR,1507.5,Luxury,2025-01-05,2025-01-07,2,1045,4.5,4.0-4.5,False,False,,,,False
2366709,The Ritz-Carlton Riyadh,Booking.com,OTA,7413.75,3.75,7410.0,SAR,1853.44,Luxury,2025-01-17,2025-01-21,4,1045,4.5,4.0-4.5,False,False,,,,False
2366709,The Ritz-Carlton Riyadh,Booking.com,OTA,3656.25,3453.75,202.5,SAR,1218.75,Luxury,2025-01-10,2025-01-13,3,1045,4.5,4.0-4.5,False,False,,,,False
2366709,The Ritz-Carlton Riyadh,Booking.com,OTA,3978.75,3.75,3975.0,SAR,1989.38,Luxury,2025-01-25,2025-01-27,2,1045,4.5,4.0-4.5,False,False,,,,False
2366709,The Ritz-Carlton Riyadh,Booking.com,OTA,3708.75,3150.0,558.75,SAR,927.19,Luxury,2025-01-06,2025-01-10,4,1045,4.5,4.0-4.5,False,False,,,,False
2366709,The Ritz-Carlton Riyadh,Booking.com,OTA,5726.25,3.75,5722.5,SAR,2863.12,Luxury,2025-02-10,2025-02-12,2,1045,4.5,4.0-4.5,False,False,,,,False
2366709,The Ritz-Carlton Riyadh,Booking.com,OTA,4822.5,3.75,4818.75,SAR,2411.25,Luxury,2025-02-16,2025-02-18,2,1045,4.5,4.0-4.5,False,False,,,,False
2366709,The Ritz-Carlton Riyadh,Booking.com,OTA,6630.0,3.75,6626.25,SAR,2210.0,Luxury,2025-01-15,2025-01-18,3,1045,4.5,4.0-4.5,False,False,,,,False
2366709,The Ritz-Carlton Riyadh,Booking.com,OTA,5426.25,3.75,5422.5,SAR,2713.12,Luxury,2025-02-02,2025-02-04,2,1045,4.5,4.0-4.5,False,False,,,,False
2366709,The Ritz-Carlton Riyadh,Booking.com,OTA,3618.75,3618.75,0.0,SAR,3618.75,Luxury,2025-02-05,2025-02-06,1,1045,4.5,4.0-4.5,False,False,,,,False
2366709,The Ritz-Carlton Riyadh,Booking.com,OTA,6967.5,3.75,6963.75,SAR,1393.5,Luxury,2025-01-25,2025-01-30,5,1045,4.5,4.0-4.5,False,False,,,,False
2366709,The Ritz-Carlton Riyadh,Booking.com,OTA,6438.75,3.75,6435.0,SAR,1287.75,Luxury,2025-01-18,2025-01-23,5,1045,4.5,4.0-4.5,False,False,,,,False
2366709,The Ritz-Carlton Riyadh,Booking.com,OTA,4387.5,3.75,4383.75,SAR,877.5,Luxury,2025-02-09,2025-02-14,5,1045,4.5,4.0-4.5,False,False,,,,False
2366709,The Ritz-Carlton Riyadh,Booking.com,OTA,1207.5,1207.5,0.0,SAR,1207.5,Upscale,2024-12-20,2024-12-21,1,1045,4.5,4.0-4.5,False,False,,,,False
2366709,The Ritz-Carlton Riyadh,Booking.com,OTA,3270.0,3168.75,101.25,SAR,654.0,Luxury,2025-02-11,2025-02-16,5,1045,4.5,4.0-4.5,False,False,,,,False
2366709,The Ritz-Carlton Riyadh,Booking.com,OTA,5651.25,3.75,5647.5,SAR,1412.81,Luxury,2024-12-22,2024-12-26,4,1045,4.5,4.0-4.5,False,False,,,,False
2366709,The Ritz-Carlton Riyadh,Booking.com,OTA,5666.25,3.75,5662.5,SAR,5666.25,Luxury,2025-02-09,2025-02-10,1,1045,4.5,4.0-4.5,False,False,,,,False
2366709,The Ritz-Carlton Riyadh,Booking.com,OTA,4822.5,3.75,4818.75,SAR,1205.62,Luxury,2025-01-20,2025-01-24,4,1045,4.5,4.0-4.5,False,False,,,,False
2366709,The Ritz-Carlton Riyadh,Booking.com,OTA,2666.25,2561.25,105.0,SAR,666.56,Luxury,2025-02-13,2025-02-17,4,1045,4.5,4.0-4.5,False,False,,,,False
2366709,The Ritz-Carlton Riyadh,Booking.com,OTA,3941.25,3.75,3937.5,SAR,1313.75,Luxury,2025-01-21,2025-01-24,3,1045,4.5,4.0-4.5,False,False,,,,False
2366709,The Ritz-Carlton Riyadh,Booking.com,OTA,5096.25,3.75,5092.5,SAR,1274.06,Luxury,2025-01-13,2025-01-17,4,1045,4.5,4.0-4.5,False,False,,,,False
2366709,The Ritz-Carlton Riyadh,Booking.com,OTA,4822.5,3.75,4818.75,SAR,4822.5,Luxury,2025-02-17,2025-02-18,1,1045,4.5,4.0-4.5,False,False,,,,False
2366709,The Ritz-Carlton Riyadh,Booking.com,OTA,6570.0,3.75,6566.25,SAR,1642.5,Luxury,2025-01-25,2025-01-29,4,1045,4.5,4.0-4.5,False,False,,,,False
2366709,The Ritz-Carlton Riyadh,Marriott,Direct / Brand,1507.5,1507.5,0.0,SAR,1507.5,Upscale,2025-01-02,2025-01-03,1,1045,4.5,4.0-4.5,False,False,,,,False
2366709,The Ritz-Carlton Riyadh,Marriott,Direct / Brand,1282.5,1282.5,0.0,SAR,320.62,Upscale,2024-12-28,2025-01-01,4,1045,4.5,4.0-4.5,False,False,,,,False
2366709,The Ritz-Carlton Riyadh,Marriott,Direct / Brand,1507.5,1507.5,0.0,SAR,1507.5,Upscale,2025-01-04,2025-01-05,1,1045,4.5,4.0-4.5,False,False,,,,False
2366709,The Ritz-Carlton Riyadh,Marriott,Direct / Brand,1507.5,1507.5,0.0,SAR,753.75,Upscale,2025-01-03,2025-01-05,2,1045,4.5,4.0-4.5,False,False,,,,False
26451032,The St. Regis Riyadh,StRegis.com,Direct / Brand,2220.0,2220.0,0.0,SAR,2220.0,Luxury,2025-01-02,2025-01-03,1,54,5.0,4.5-5.0,False,False,,,,False
26451032,The St. Regis Riyadh,StRegis.com,Direct / Brand,3933.75,3933.75,0.0,SAR,786.75,Luxury,2025-01-29,2025-02-03,5,54,5.0,4.5-5.0,False,False,,,,False
26451032,The St. Regis Riyadh,StRegis.com,Direct / Brand,3761.25,3761.25,0.0,SAR,1253.75,Luxury,2025-01-25,2025-01-28,3,54,5.0,4.5-5.0,False,False,,,,False
26451032,The St. Regis Riyadh,StRegis.com,Direct / Brand,3761.25,3761.25,0.0,SAR,1253.75,Luxury,2025-01-25,2025-01-28,3,54,5.0,4.5-5.0,False,False,,,,False
26451032,The St. Regis Riyadh,StRegis.com,Direct / Brand,2748.75,2748.75,0.0,SAR,1374.38,Luxury,2025-01-05,2025-01-07,2,54,5.0,4.5-5.0,False,False,,,,False
26451032,The St. Regis Riyadh,StRegis.com,Direct / Brand,2636.25,2636.25,0.0,SAR,878.75,Luxury,2025-01-10,2025-01-13,3,54,5.0,4.5-5.0,False,False,,,,False
26451032,The St. Regis Riyadh,StRegis.com,Direct / Brand,2636.25,2636.25,0.0,SAR,878.75,Luxury,2025-01-10,2025-01-13,3,54,5.0,4.5-5.0,False,False,,,,False
26451032,The St. Regis Riyadh,StRegis.com,Direct / Brand,2748.75,2748.75,0.0,SAR,1374.38,Luxury,2025-01-25,2025-01-27,2,54,5.0,4.5-5.0,False,False,,,,False
26451032,The St. Regis Riyadh,StRegis.com,Direct / Brand,2748.75,2748.75,0.0,SAR,1374.38,Luxury,2025-01-25,2025-01-27,2,54,5.0,4.5-5.0,False,False,,,,False
26451032,The St. Regis Riyadh,StRegis.com,Direct / Brand,3255.0,3255.0,0.0,SAR,813.75,Luxury,2025-01-06,2025-01-10,4,54,5.0,4.5-5.0,False,False,,,,False
26451032,The St. Regis Riyadh,StRegis.com,Direct / Brand,5306.25,5306.25,0.0,SAR,2653.12,Luxury,2025-02-10,2025-02-12,2,54,5.0,4.5-5.0,False,False,,,,False
26451032,The St. Regis Riyadh,StRegis.com,Direct / Brand,3423.75,3423.75,0.0,SAR,1711.88,Luxury,2025-02-16,2025-02-18,2,54,5.0,4.5-5.0,False,False,,,,False
26451032,The St. Regis Riyadh,StRegis.com,Direct / Brand,3423.75,3423.75,0.0,SAR,1711.88,Luxury,2025-02-16,2025-02-18,2,54,5.0,4.5-5.0,False,False,,,,False
26451032,The St. Regis Riyadh,StRegis.com,Direct / Brand,7327.5,7327.5,0.0,SAR,3663.75,Luxury,2025-02-02,2025-02-04,2,54,5.0,4.5-5.0,False,False,,,,False
26451032,The St. Regis Riyadh,StRegis.com,Direct / Brand,7327.5,7327.5,0.0,SAR,3663.75,Luxury,2025-02-02,2025-02-04,2,54,5.0,4.5-5.0,False,False,,,,False
26451032,The St. Regis Riyadh,StRegis.com,Direct / Brand,3375.0,3375.0,0.0,SAR,3375.0,Luxury,2025-02-05,2025-02-06,1,54,5.0,4.5-5.0,False,False,,,,False
26451032,The St. Regis Riyadh,StRegis.com,Direct / Brand,4571.25,4571.25,0.0,SAR,914.25,Luxury,2025-01-25,2025-01-30,5,54,5.0,4.5-5.0,False,False,,,,False
26451032,The St. Regis Riyadh,StRegis.com,Direct / Brand,2411.25,2411.25,0.0,SAR,602.81,Luxury,2024-12-28,2025-01-01,4,54,5.0,4.5-5.0,False,False,,,,False
26451032,The St. Regis Riyadh,StRegis.com,Direct / Brand,4766.25,4766.25,0.0,SAR,953.25,Luxury,2025-02-09,2025-02-14,5,54,5.0,4.5-5.0,False,False,,,,False
26451032,The St. Regis Riyadh,StRegis.com,Direct / Brand,2220.0,2220.0,0.0,SAR,2220.0,Luxury,2025-01-04,2025-01-05,1,54,5.0,4.5-5.0,False,False,,,,False
26451032,The St. Regis Riyadh,StRegis.com,Direct / Brand,3588.75,3588.75,0.0,SAR,717.75,Luxury,2025-02-11,2025-02-16,5,54,5.0,4.5-5.0,False,False,,,,False
26451032,The St. Regis Riyadh,StRegis.com,Direct / Brand,5306.25,5306.25,0.0,SAR,5306.25,Luxury,2025-02-09,2025-02-10,1,54,5.0,4.5-5.0,False,False,,,,False
26451032,The St. Regis Riyadh,StRegis.com,Direct / Brand,2220.0,2220.0,0.0,SAR,1110.0,Luxury,2025-01-03,2025-01-05,2,54,5.0,4.5-5.0,False,False,,,,False
26451032,The St. Regis Riyadh,StRegis.com,Direct / Brand,2628.75,2628.75,0.0,SAR,657.19,Luxury,2025-02-13,2025-02-17,4,54,5.0,4.5-5.0,False,False,,,,False
26451032,The St. Regis Riyadh,StRegis.com,Direct / Brand,4113.75,4113.75,0.0,SAR,1371.25,Luxury,2025-01-21,2025-01-24,3,54,5.0,4.5-5.0,False,False,,,,False
26451032,The St. Regis Riyadh,StRegis.com,Direct / Brand,4113.75,4113.75,0.0,SAR,1371.25,Luxury,2025-01-21,2025-01-24,3,54,5.0,4.5-5.0,False,False,,,,False
26451032,The St. Regis Riyadh,StRegis.com,Direct / Brand,3663.75,3663.75,0.0,SAR,3663.75,Luxury,2025-02-17,2025-02-18,1,54,5.0,4.5-5.0,False,False,,,,False
26451032,The St. Regis Riyadh,StRegis.com,Direct / Brand,4267.5,4267.5,0.0,SAR,1066.88,Luxury,2025-01-25,2025-01-29,4,54,5.0,4.5-5.0,False,False,,,,False
23623900,The Valley Resort,Booking.com,OTA,2280.0,2280.0,0.0,SAR,570.0,Luxury,2024-12-22,2024-12-26,4,1,5.0,4.5-5.0,False,False,,,,False
11879864,Thwary Hotel Suites,Booking.com,OTA,615.0,615.0,0.0,SAR,615.0,Mid-range,2024-12-20,2024-12-21,1,3,4.5,4.0-4.5,True,True,"Free breakfast available | Free cancellation • Reserve now, pay at stay",,,False
12248951,Towlan Khurais,Booking.com,OTA,202.5,202.5,0.0,SAR,101.25,Budget,2024-12-23,2024-12-25,2,3,4.5,4.0-4.5,False,False,,,,False
7988480,Vivienda Hotel Villas Granada,Booking.com,OTA,3495.0,3495.0,0.0,SAR,873.75,Luxury,2024-12-22,2024-12-26,4,4,5.0,4.5-5.0,False,False,,,,False
23999395,Voyage Hotel,Booking.com,OTA,881.25,881.25,0.0,SAR,293.75,Upscale,2025-01-15,2025-01-18,3,3,3.5,3.0-3.5,False,False,,,,False
24001761,Warwick Riyadh,Agoda.com,OTA,480.0,480.0,0.0,SAR,480.0,Budget,2025-01-02,2025-01-03,1,5,2.5,<3.0,False,False,,,,False
24001761,Warwick Riyadh,Agoda.com,OTA,487.5,487.5,0.0,SAR,97.5,Budget,2025-01-29,2025-02-03,5,5,2.5,<3.0,False,False,,,,False
24001761,Warwick Riyadh,Agoda.com,OTA,431.25,431.25,0.0,SAR,215.62,Budget,2024-12-23,2024-12-25,2,5,2.5,<3.0,False,False,,,,False
24001761,Warwick Riyadh,Agoda.com,OTA,483.75,483.75,0.0,SAR,161.25,Budget,2025-01-25,2025-01-28,3,5,2.5,<3.0,False,False,,,,False
24001761,Warwick Riyadh,Agoda.com,OTA,491.25,491.25,0.0,SAR,245.62,Budget,2025-01-05,2025-01-07,2,5,2.5,<3.0,False,False,,,,False
24001761,Warwick Riyadh,Agoda.com,OTA,483.75,483.75,0.0,SAR,120.94,Budget,2025-01-17,2025-01-21,4,5,2.5,<3.0,False,False,,,,False
24001761,Warwick Riyadh,Agoda.com,OTA,491.25,491.25,0.0,SAR,163.75,Budget,2025-01-10,2025-01-13,3,5,2.5,<3.0,False,False,,,,False
24001761,Warwick Riyadh,Agoda.com,OTA,476.25,476.25,0.0,SAR,238.12,Budget,2025-01-25,2025-01-27,2,5,2.5,<3.0,False,False,,,,False
24001761,Warwick Riyadh,Agoda.com,OTA,495.0,495.0,0.0,SAR,123.75,Budget,2025-01-06,2025-01-10,4,5,2.5,<3.0,False,False,,,,False
24001761,Warwick Riyadh,Agoda.com,OTA,476.25,476.25,0.0,SAR,238.12,Budget,2025-02-10,2025-02-12,2,5,2.5,<3.0,False,False,,,,False
24001761,Warwick Riyadh,Agoda.com,OTA,476.25,476.25,0.0,SAR,238.12,Budget,2025-02-16,2025-02-18,2,5,2.5,<3.0,False,False,,,,False
24001761,Warwick Riyadh,Agoda.com,OTA,487.5,487.5,0.0,SAR,162.5,Budget,2025-01-15,2025-01-18,3,5,2.5,<3.0,False,False,,,,False
24001761,Warwick Riyadh,Agoda.com,OTA,476.25,476.25,0.0,SAR,238.12,Budget,2025-02-02,2025-02-04,2,5,2.5,<3.0,False,False,,,,False
24001761,Warwick Riyadh,Agoda.com,OTA,476.25,476.25,0.0,SAR,476.25,Budget,2025-02-05,2025-02-06,1,5,2.5,<3.0,False,False,,,,False
24001761,Warwick Riyadh,Agoda.com,OTA,487.5,487.5,0.0,SAR,97.5,Budget,2025-01-25,2025-01-30,5,5,2.5,<3.0,False,False,,,,False
24001761,Warwick Riyadh,Agoda.com,OTA,495.0,495.0,0.0,SAR,99.0,Budget,2025-01-18,2025-01-23,5,5,2.5,<3.0,False,False,,,,False
24001761,Warwick Riyadh,Agoda.com,OTA,465.0,465.0,0.0,SAR,116.25,Budget,2024-12-28,2025-01-01,4,5,2.5,<3.0,False,False,,,,False
24001761,Warwick Riyadh,Agoda.com,OTA,487.5,487.5,0.0,SAR,97.5,Budget,2025-02-09,2025-02-14,5,5,2.5,<3.0,False,False,,,,False
24001761,Warwick Riyadh,Agoda.com,OTA,401.25,401.25,0.0,SAR,401.25,Budget,2024-12-20,2024-12-21,1,5,2.5,<3.0,False,False,,,,False
24001761,Warwick Riyadh,Agoda.com,OTA,476.25,476.25,0.0,SAR,476.25,Budget,2025-01-04,2025-01-05,1,5,2.5,<3.0,False,False,,,,False
24001761,Warwick Riyadh,Agoda.com,OTA,487.5,487.5,0.0,SAR,97.5,Budget,2025-02-11,2025-02-16,5,5,2.5,<3.0,False,False,,,,False
24001761,Warwick Riyadh,Agoda.com,OTA,442.5,442.5,0.0,SAR,110.62,Budget,2024-12-22,2024-12-26,4,5,2.5,<3.0,False,False,,,,False
24001761,Warwick Riyadh,Agoda.com,OTA,476.25,476.25,0.0,SAR,476.25,Budget,2025-02-09,2025-02-10,1,5,2.5,<3.0,False,False,,,,False
24001761,Warwick Riyadh,Agoda.com,OTA,491.25,491.25,0.0,SAR,245.62,Budget,2025-01-03,2025-01-05,2,5,2.5,<3.0,False,False,,,,False
24001761,Warwick Riyadh,Agoda.com,OTA,495.0,495.0,0.0,SAR,123.75,Budget,2025-01-20,2025-01-24,4,5,2.5,<3.0,False,False,,,,False
24001761,Warwick Riyadh,Agoda.com,OTA,483.75,483.75,0.0,SAR,120.94,Budget,2025-02-13,2025-02-17,4,5,2.5,<3.0,False,False,,,,False
24001761,Warwick Riyadh,Agoda.com,OTA,491.25,491.25,0.0,SAR,163.75,Budget,2025-01-21,2025-01-24,3,5,2.5,<3.0,False,False,,,,False
24001761,Warwick Riyadh,Agoda.com,OTA,495.0,495.0,0.0,SAR,123.75,Budget,2025-01-13,2025-01-17,4,5,2.5,<3.0,False,False,,,,False
24001761,Warwick Riyadh,Agoda.com,OTA,476.25,476.25,0.0,SAR,476.25,Budget,2025-02-17,2025-02-18,1,5,2.5,<3.0,False,False,,,,False
24001761,Warwick Riyadh,Agoda.com,OTA,483.75,483.75,0.0,SAR,120.94,Budget,2025-01-25,2025-01-29,4,5,2.5,<3.0,False,False,,,,False
3514706,ibis Riyadh Olaya Street,Booking.com,OTA,341.25,341.25,0.0,SAR,68.25,Budget,2025-01-29,2025-02-03,5,430,3.5,3.0-3.5,False,False,,24.712132,46.67674,True
3514706,ibis Riyadh Olaya Street,Booking.com,OTA,427.5,427.5,0.0,SAR,213.75,Budget,2024-12-23,2024-12-25,2,430,3.5,3.0-3.5,False,False,,24.712132,46.67674,True
3514706,ibis Riyadh Olaya Street,Booking.com,OTA,360.0,356.25,3.75,SAR,120.0,Budget,2025-01-25,2025-01-28,3,430,3.5,3.0-3.5,False,False,,24.712132,46.67674,True
3514706,ibis Riyadh Olaya Street,Booking.com,OTA,416.25,416.25,0.0,SAR,208.12,Budget,2025-01-05,2025-01-07,2,430,3.5,3.0-3.5,False,False,,24.712132,46.67674,True
3514706,ibis Riyadh Olaya Street,Booking.com,OTA,360.0,360.0,0.0,SAR,90.0,Budget,2025-01-17,2025-01-21,4,430,3.5,3.0-3.5,False,False,,24.712132,46.67674,True
3514706,ibis Riyadh Olaya Street,Booking.com,OTA,326.25,326.25,0.0,SAR,108.75,Budget,2025-01-10,2025-01-13,3,430,3.5,3.0-3.5,False,False,,24.712132,46.67674,True
3514706,ibis Riyadh Olaya Street,Booking.com,OTA,341.25,337.5,3.75,SAR,170.62,Budget,2025-01-25,2025-01-27,2,430,3.5,3.0-3.5,False,False,,24.712132,46.67674,True
3514706,ibis Riyadh Olaya Street,Booking.com,OTA,397.5,397.5,0.0,SAR,99.38,Budget,2025-01-06,2025-01-10,4,430,3.5,3.0-3.5,False,False,,24.712132,46.67674,True
3514706,ibis Riyadh Olaya Street,Booking.com,OTA,663.75,663.75,0.0,SAR,331.88,Mid-range,2025-02-10,2025-02-12,2,430,3.5,3.0-3.5,False,False,,24.712132,46.67674,True
3514706,ibis Riyadh Olaya Street,Booking.com,OTA,390.0,390.0,0.0,SAR,195.0,Budget,2025-02-16,2025-02-18,2,430,3.5,3.0-3.5,False,False,,24.712132,46.67674,True
3514706,ibis Riyadh Olaya Street,Booking.com,OTA,427.5,427.5,0.0,SAR,142.5,Budget,2025-01-15,2025-01-18,3,430,3.5,3.0-3.5,False,False,,24.712132,46.67674,True
3514706,ibis Riyadh Olaya Street,Booking.com,OTA,390.0,390.0,0.0,SAR,195.0,Budget,2025-02-02,2025-02-04,2,430,3.5,3.0-3.5,False,False,,24.712132,46.67674,True
3514706,ibis Riyadh Olaya Street,Booking.com,OTA,405.0,405.0,0.0,SAR,405.0,Budget,2025-02-05,2025-02-06,1,430,3.5,3.0-3.5,False,False,,24.712132,46.67674,True
3514706,ibis Riyadh Olaya Street,Booking.com,OTA,371.25,371.25,0.0,SAR,74.25,Budget,2025-01-25,2025-01-30,5,430,3.5,3.0-3.5,False,False,,24.712132,46.67674,True
3514706,ibis Riyadh Olaya Street,Booking.com,OTA,382.5,382.5,0.0,SAR,76.5,Budget,2025-01-18,2025-01-23,5,430,3.5,3.0-3.5,False,False,,24.712132,46.67674,True
3514706,ibis Riyadh Olaya Street,Booking.com,OTA,420.0,420.0,0.0,SAR,105.0,Budget,2024-12-28,2025-01-01,4,430,3.5,3.0-3.5,False,False,,24.712132,46.67674,True
3514706,ibis Riyadh Olaya Street,Booking.com,OTA,600.0,600.0,0.0,SAR,120.0,Mid-range,2025-02-09,2025-02-14,5,430,3.5,3.0-3.5,False,False,,24.712132,46.67674,True
3514706,ibis Riyadh Olaya Street,Booking.com,OTA,472.5,472.5,0.0,SAR,472.5,Budget,2024-12-20,2024-12-21,1,430,3.5,3.0-3.5,False,False,,24.712132,46.67674,True
3514706,ibis Riyadh Olaya Street,Booking.com,OTA,453.75,453.75,0.0,SAR,90.75,Budget,2025-02-11,2025-02-16,5,430,3.5,3.0-3.5,False,False,,24.712132,46.67674,True
3514706,ibis Riyadh Olaya Street,Booking.com,OTA,427.5,427.5,0.0,SAR,106.88,Budget,2024-12-22,2024-12-26,4,430,3.5,3.0-3.5,False,False,,24.712132,46.67674,True
3514706,ibis Riyadh Olaya Street,Booking.com,OTA,701.25,701.25,0.0,SAR,701.25,Mid-range,2025-02-09,2025-02-10,1,430,3.5,3.0-3.5,False,False,,24.712132,46.67674,True
3514706,ibis Riyadh Olaya Street,Booking.com,OTA,405.0,405.0,0.0,SAR,202.5,Budget,2025-01-03,2025-01-05,2,430,3.5,3.0-3.5,False,False,,24.712132,46.67674,True
3514706,ibis Riyadh Olaya Street,Booking.com,OTA,390.0,390.0,0.0,SAR,97.5,Budget,2025-01-20,2025-01-24,4,430,3.5,3.0-3.5,False,False,,24.712132,46.67674,True
3514706,ibis Riyadh Olaya Street,Booking.com,OTA,333.75,333.75,0.0,SAR,83.44,Budget,2025-02-13,2025-02-17,4,430,3.5,3.0-3.5,False,False,,24.712132,46.67674,True
3514706,ibis Riyadh Olaya Street,Booking.com,OTA,382.5,382.5,0.0,SAR,127.5,Budget,2025-01-21,2025-01-24,3,430,3.5,3.0-3.5,False,False,,24.712132,46.67674,True
3514706,ibis Riyadh Olaya Street,Booking.com,OTA,487.5,487.5,0.0,SAR,121.88,Budget,2025-01-13,2025-01-17,4,430,3.5,3.0-3.5,False,False,,24.712132,46.67674,True
3514706,ibis Riyadh Olaya Street,Booking.com,OTA,371.25,371.25,0.0,SAR,92.81,Budget,2025-01-25,2025-01-29,4,430,3.5,3.0-3.5,False,False,,24.712132,46.67674,True
3514706,ibis Riyadh Olaya Street,MakeMyTrip,OTA,476.25,476.25,0.0,SAR,476.25,Budget,2025-01-02,2025-01-03,1,430,3.5,3.0-3.5,False,False,,24.712132,46.67674,True
